ID,Job Title,Email Address,FirstName LastName,City,Movie Genre,Domain name,Country
1,Health Educator,Percy_Stevens9573@mafthy.com,Percy Stevens,Irving,Biography,info,Czech Republic
2,Budget Analyst,Candice_Dixon4721@kideod.biz,Candice Dixon,Escondido,Action,info,Japan
3,HR Specialist,Brad_Jordan1589@nimogy.biz,Brad Jordan,Amarillo,Fantasy,edu,Seychelles
4,Restaurant Manager,Shelby_Wren4666@joiniaa.com,Shelby Wren,El Paso,Comedy,biz,Armenia
5,Biologist,Gladys_Gaynor7155@corti.com,Gladys Gaynor,Omaha,Crime,biz,Liechtenstein
6,Dentist,Rufus_Spencer614@kideod.biz,Rufus Spencer,Richmond,Fantasy,com,Congo
7,Electrician,Kimberly_Goldsmith1413@deavo.com,Kimberly Goldsmith,Santa Ana,Musical,edu,Macedonia
8,Treasurer,Phoebe_Rowan5076@gembat.biz,Phoebe Rowan,Kansas City,Thriller,edu,Gabon
9,Operator,Josh_Lloyd5483@gompie.com,Josh Lloyd,Bridgeport,Drama,org,Norway
10,Auditor,Rick_Holmes7245@gompie.com,Rick Holmes,Houston,Action,ca,Bahrain
11,Executive Director,Anabelle_Verdon8099@deavo.com,Anabelle Verdon,Sacramento,Animation,mobi,Saint Lucia
12,Baker,Meredith_Norman1506@typill.biz,Meredith Norman,Baltimore,Thriller,net,Tanzania
13,Business Broker,Hayden_Weatcroft7963@nickia.com,Hayden Weatcroft,Rochester,Comedy,biz,Monaco
14,Production Painter,Russel_Richards9691@elnee.tech,Russel Richards,Rochester,Musical,info,Uganda
15,Project Manager,David_Vass7544@guentu.biz,David Vass,London,Sci-Fi,tech,Latvia
16,CNC Operator,Tom_Dale9419@mafthy.com,Tom Dale,Portland,Romance,info,Central African Republic
17,Restaurant Manager,Tyson_Jeffery4198@muall.tech,Tyson Jeffery,Berlin,Crime,info,Mexico
18,Inspector,Caleb_Harper6750@fuliss.net,Caleb Harper,Quebec,Drama,net,Paraguay
19,Bookkeeper,Matthew_Ainsworth1826@irrepsy.com,Matthew Ainsworth,Sacramento,Drama,edu,Liechtenstein
20,Food Technologist,Ruth_Rogan3120@brety.org,Ruth Rogan,Anaheim,Comedy,tech,Algeria
21,Healthcare Specialist,Hank_London2854@typill.biz,Hank London,Miami,Crime,us,Mauritania
22,Business Broker,Rufus_Janes8633@brety.org,Rufus Janes,Springfield,Romance,edu,Qatar
23,Retail Trainee,Chloe_Hunt1320@iatim.tech,Chloe Hunt,Madrid,Sci-Fi,mobi,Bulgaria
24,Cook,Colleen_Bradley9223@fuliss.net,Colleen Bradley,Saint Paul,Drama,org,Liechtenstein
25,Mobile Developer,Danielle_Pearson7915@corti.com,Danielle Pearson,Atlanta,Family,info,Israel
26,IT Support Staff,Ember_Stewart1015@sheye.org,Ember Stewart,Bridgeport,History,com,France
27,Project Manager,Teagan_Johnson5332@famism.biz,Teagan Johnson,Toledo,Horror,edu,Togo
28,Assistant Buyer,Ethan_Mcguire9322@kideod.biz,Ethan Mcguire,Scottsdale,Adventure,us,Laos
29,Restaurant Manager,Cara_Sawyer6186@bungar.biz,Cara Sawyer,Oklahoma City,Family,edu,Central African Republic
30,Investment  Advisor,Harvey_Jackson9724@extex.org,Harvey Jackson,Huntsville,Comedy,us,Finland
31,Lecturer,Kurt_Robinson4298@vetan.org,Kurt Robinson,Tallahassee,Fantasy,com,Laos
32,Lecturer,John_Brennan5288@eirey.tech,John Brennan,El Paso,Drama,mobi,South Africa
33,Operator,Luke_Morrow4772@guentu.biz,Luke Morrow,New York,Musical,us,Qatar
34,Business Broker,William_Phillips2364@grannar.com,William Phillips,Seattle,Thriller,mobi,Norway
35,Mobile Developer,Makena_Hunt9618@sheye.org,Makena Hunt,Hollywood,Action,tech,Mexico
36,Investment  Advisor,Nancy_Richards1872@gompie.com,Nancy Richards,Laredo,Comedy,org,The Bahamas
37,Chef Manager,Hayden_Lane1137@deons.tech,Hayden Lane,San Diego,Fantasy,us,Kuwait
38,Laboratory Technician,Marilyn_Nelson9369@fuliss.net,Marilyn Nelson,Springfield,Action,ca,Barbados
39,Design Engineer,Gil_Avery8519@jiman.org,Gil Avery,Denver,Animation,biz,Gabon
40,Service Supervisor,Belinda_Roth3052@liret.org,Belinda Roth,Phoenix,Action,tech,United Arab Emirates
41,Bellman,Caleb_Clarke8563@infotech44.tech,Caleb Clarke,Bakersfield,Sci-Fi,edu,Guinea
42,Production Painter,Maxwell_Snow6441@acrit.org,Maxwell Snow,San Francisco,Comedy,us,"Congo, Republic of the"
43,Inspector,Alex_Stewart6153@fuliss.net,Alex Stewart,St. Louis,Romance,info,Barbados
44,HR Coordinator,Rocco_Murphy4790@zorer.org,Rocco Murphy,Hayward,Family,mobi,United Arab Emirates
45,Assistant Buyer,David_Lunt5271@sheye.org,David Lunt,Sacramento,Action,ca,Monaco
46,Designer,Vera_Hilton9433@jiman.org,Vera Hilton,Kansas City,Romance,biz,Estonia
47,Auditor,Megan_Baxter8534@eirey.tech,Megan Baxter,Colorado Springs,Thriller,tech,Brazil
48,Business Broker,Angela_Burge6834@liret.org,Angela Burge,Detroit,Horror,com,"Congo, Republic of the"
49,Assistant Buyer,Bree_Page 8237@atink.com,Bree Page ,London,Fantasy,edu,Australia
50,Call Center Representative,Gina_Paterson2083@eirey.tech,Gina Paterson,Orlando,Biography,us,Honduras
51,HR Coordinator,Denis_James4140@sheye.org,Denis James,Laredo,History,info,Zambia
52,Accountant,Sarah_Tobin4811@infotech44.tech,Sarah Tobin,Lisbon,Fantasy,org,Equatorial Guinea
53,Operator,Brad_Butler906@guentu.biz,Brad Butler,Tokyo,Biography,org,Sudan
54,Cook,Enoch_Radley8631@irrepsy.com,Enoch Radley,San Bernardino,Biography,com,The Gambia
55,HR Specialist,Boris_Healy7960@acrit.org,Boris Healy,Garland,Drama,biz,Guyana
56,Staffing Consultant,Erin_Wood3839@atink.com,Erin Wood,Fremont,Biography,edu,Iran
57,Operator,Luke_Fowler9440@guentu.biz,Luke Fowler,San Diego,Thriller,edu,Vietnam
58,Executive Director,Tony_Camden7115@zorer.org,Tony Camden,Bakersfield,Comedy,tech,Ghana
59,Accountant,Bridget_Ramsey1921@twipet.com,Bridget Ramsey,Paris,History,biz,Zambia
60,Mobile Developer,Hayden_Quinn3235@atink.com,Hayden Quinn,Saint Paul,Fantasy,com,Latvia
61,Webmaster,Sebastian_Mcnally1352@womeona.net,Sebastian Mcnally,Zurich,Sci-Fi,net,Tunisia
62,Restaurant Manager,Ryan_Oliver9366@joiniaa.com,Ryan Oliver,Otawa,Drama,mobi,Brunei
63,Web Developer,Rick_Bell1933@gompie.com,Rick Bell,Glendale,Musical,mobi,Bangladesh
64,Fabricator,Margaret_Abbot9575@deons.tech,Margaret Abbot,Ontario,Fantasy,mobi,France
65,Insurance Broker,Ron_Greenwood6626@nickia.com,Ron Greenwood,Norfolk,Romance,ca,Thailand
66,Paramedic,Chadwick_Swift2054@vetan.org,Chadwick Swift,El Paso,Comedy,org,Israel
67,Mobile Developer,Melanie_Carpenter2455@bulaffy.com,Melanie Carpenter,Oklahoma City,Thriller,tech,"Congo, Republic of the"
68,Machine Operator,Chester_Kelly7348@ovock.tech,Chester Kelly,Oklahoma City,Fantasy,biz,Tunisia
69,Executive Director,Jack_Barclay1281@supunk.biz,Jack Barclay,Colorado Springs,Sci-Fi,net,Burundi
70,Production Painter,Ronald_Grady9596@supunk.biz,Ronald Grady,Charlotte,Action,edu,Belarus
71,Doctor,Domenic_Norburn5881@brety.org,Domenic Norburn,Reno,Sci-Fi,edu,Montenegro
72,Loan Officer,Paige_Hopkinson9887@fuliss.net,Paige Hopkinson,Bakersfield,Romance,org,"Congo, Republic of the"
73,Project Manager,Livia_Bentley6505@brety.org,Livia Bentley,Reno,Romance,org,Germany
74,Banker,Jazmin_Vince3576@acrit.org,Jazmin Vince,Garland,Horror,us,Slovenia
75,Design Engineer,Lynn_Mcgregor2653@jiman.org,Lynn Mcgregor,Salem,Action,org,Monaco
76,Insurance Broker,Carrie_Mcneill6408@sveldo.biz,Carrie Mcneill,Stockton,Fantasy,com,Saint Lucia
77,Mobile Developer,Nick_Campbell2242@atink.com,Nick Campbell,Seattle,Adventure,us,Belgium
78,Web Developer,Henry_Rogers1737@sheye.org,Henry Rogers,Lisbon,Thriller,biz,Armenia
79,Restaurant Manager,Doris_Stevens469@jiman.org,Doris Stevens,London,Fantasy,tech,Guyana
80,Cashier,Ember_Brooks3987@twace.org,Ember Brooks,El Paso,Horror,biz,Micronesia
81,Web Developer,Russel_Avery2248@sveldo.biz,Russel Avery,Pittsburgh,Fantasy,ca,Ethiopia
82,Baker,Manuel_Payne3654@qater.org,Manuel Payne,London,Sci-Fi,us,Qatar
83,Ambulatory Nurse,Johnny_Hobson3997@joiniaa.com,Johnny Hobson,Bellevue,Musical,biz,India
84,Business Broker,Cameron_Baker4692@twipet.com,Cameron Baker,Oakland,Musical,tech,Monaco
85,Health Educator,Oliver_Whatson1567@zorer.org,Oliver Whatson,Miami,Comedy,com,Chad
86,Audiologist,Michaela_Larsen3611@womeona.net,Michaela Larsen,Lakewood,Animation,org,Ireland
87,Operator,Hailey_Vince9742@extex.org,Hailey Vince,Houston,Musical,us,Seychelles
88,Clerk,Owen_Wright3618@acrit.org,Owen Wright,Colorado Springs,Comedy,net,Rwanda
89,Call Center Representative,Ramon_Noon2943@kideod.biz,Ramon Noon,Salem,Sci-Fi,net,Monaco
90,Steward,Denis_Collins115@bauros.biz,Denis Collins,Lancaster,Family,com,Cabo Verde
91,Production Painter,Chris_Veale4114@nanoff.biz,Chris Veale,Baltimore,Thriller,com,Bahrain
92,Baker,Bethany_Kaur8441@twipet.com,Bethany Kaur,San Bernardino,Romance,us,Netherlands
93,Front Desk Coordinator,Laila_Glynn6390@famism.biz,Laila Glynn,Cincinnati,Animation,us,Costa Rica
94,Cook,Goldie_Malone4310@acrit.org,Goldie Malone,Bellevue,Romance,info,Singapore
95,Physician,Ruth_Edley2109@famism.biz,Ruth Edley,Rochester,Sci-Fi,biz,Uzbekistan
96,IT Support Staff,Barry_White4207@bauros.biz,Barry White,Springfield,History,biz,Mongolia
97,Fabricator,Carmella_Durrant2517@gembat.biz,Carmella Durrant,Prague,History,us,Solomon Islands
98,Electrician,Eduardo_Archer8660@jiman.org,Eduardo Archer,Colorado Springs,Action,com,Kazakhstan
99,Cashier,Michelle_Gray7276@twipet.com,Michelle Gray,Nashville,Biography,biz,Portugal
100,Bookkeeper,William_Cavanagh6624@cispeto.com,William Cavanagh,San Antonio,History,ca,Nicaragua
101,Systems Administrator,Francesca_Lewin5982@gembat.biz,Francesca Lewin,Murfreesboro,Biography,edu,Guatemala
102,HR Coordinator,Joy_Andrews5138@twace.org,Joy Andrews,Dallas,Biography,edu,Qatar
103,Audiologist,Jayden_Richardson5616@acrit.org,Jayden Richardson,Fremont,Crime,info,Burundi
104,Chef Manager,Sofie_Chapman2759@famism.biz,Sofie Chapman,New York,Musical,tech,Cyprus
105,Project Manager,Rocco_Adams7297@famism.biz,Rocco Adams,Jersey City,Comedy,ca,Iran
106,Webmaster,Hayden_Weatcroft920@zorer.org,Hayden Weatcroft,Oklahoma City,Crime,us,Guyana
107,Audiologist,Ronald_Blythe6659@womeona.net,Ronald Blythe,Moreno Valley,Animation,info,Russia
108,Systems Administrator,Joy_Mcgee1673@zorer.org,Joy Mcgee,Anaheim,Biography,mobi,Netherlands
109,Restaurant Manager,Mandy_Dixon4978@infotech44.tech,Mandy Dixon,San Diego,Drama,tech,Slovakia
110,Treasurer,Joseph_Buckley9220@acrit.org,Joseph Buckley,Lisbon,Drama,info,Albania
111,Production Painter,Ethan_Eyres2940@dionrab.com,Ethan Eyres,Bucharest,Horror,info,Morocco
112,Web Developer,Cassidy_Bryant1300@joiniaa.com,Cassidy Bryant,Otawa,Family,net,Barbados
113,Pharmacist,Ema_Lane9145@elnee.tech,Ema Lane,Tokyo,Fantasy,us,Côte d’Ivoire
114,Loan Officer,William_Ranks2308@corti.com,William Ranks,Bucharest,Musical,edu,New Zealand
115,Electrician,Francesca_Fox1742@acrit.org,Francesca Fox,Escondido,Romance,edu,Comoros
116,Insurance Broker,Maddison_Russell2277@liret.org,Maddison Russell,Houston,Biography,org,Ethiopia
117,HR Specialist,Rocco_Farrell3791@ubusive.com,Rocco Farrell,Richmond,Romance,ca,Dominica
118,Operator,Harvey_Poulton7305@twipet.com,Harvey Poulton,Bridgeport,Biography,tech,Senegal
119,Service Supervisor,Logan_Radley1622@dionrab.com,Logan Radley,Portland,Sci-Fi,biz,Bahrain
120,Executive Director,Jackeline_Olson4118@infotech44.tech,Jackeline Olson,Detroit,Fantasy,biz,Grenada
121,Restaurant Manager,Alexander_Larkin735@typill.biz,Alexander Larkin,Fullerton,Horror,com,Indonesia
122,Physician,Maribel_Andrews7256@atink.com,Maribel Andrews,Springfield,Biography,ca,Romania
123,Machine Operator,Ellen_Tobin8941@brety.org,Ellen Tobin,Venice,Family,tech,Belarus
124,Assistant Buyer,Barney_Tanner3576@extex.org,Barney Tanner,Lisbon,Musical,edu,Ecuador
125,Auditor,Ryan_Ventura4244@eirey.tech,Ryan Ventura,Salt Lake City,Comedy,com,Nigeria
126,Clerk,Owen_Reyes3568@corti.com,Owen Reyes,Laredo,Comedy,com,Germany
127,Machine Operator,Elena_Lewis4856@zorer.org,Elena Lewis,Madrid,Thriller,us,Finland
128,Production Painter,Samara_Wilkinson1765@mafthy.com,Samara Wilkinson,Denver,Thriller,org,Laos
129,Physician,Chadwick_Freeburn2222@zorer.org,Chadwick Freeburn,Wien,Family,edu,Cambodia
130,Cook,Brooklyn_Johnson4730@supunk.biz,Brooklyn Johnson,Jacksonville,Comedy,tech,The Bahamas
131,Baker,Tyson_Carpenter1227@bungar.biz,Tyson Carpenter,Baltimore,Drama,tech,Czech Republic
132,Chef Manager,Logan_Victor7152@joiniaa.com,Logan Victor,San Francisco,Animation,com,Panama
133,Web Developer,Lexi_Swift9272@vetan.org,Lexi Swift,Pittsburgh,Animation,edu,Peru
134,Software Engineer,Matt_Fields7751@eirey.tech,Matt Fields,Tokyo,Family,ca,Benin
135,Front Desk Coordinator,Aiden_Heaton5349@supunk.biz,Aiden Heaton,Venice,Drama,edu,Seychelles
136,Restaurant Manager,Cameron_Carter7326@nimogy.biz,Cameron Carter,Henderson,Family,biz,Netherlands
137,Restaurant Manager,Elijah_Morris9666@nickia.com,Elijah Morris,Valetta,Family,edu,Taiwan
138,Business Broker,Wade_Bailey5503@kideod.biz,Wade Bailey,Pittsburgh,Comedy,net,Belize
139,Food Technologist,Sharon_Drew7403@muall.tech,Sharon Drew,Wien,Horror,net,Egypt
140,Systems Administrator,Tyler_Jones544@bulaffy.com,Tyler Jones,Richmond,Action,tech,Saint Lucia
141,Global Logistics Supervisor,Wade_Exton7067@bungar.biz,Wade Exton,Charlotte,Adventure,mobi,Argentina
142,Production Painter,Teagan_Weston8694@eirey.tech,Teagan Weston,Amarillo,Thriller,biz,"Korea, North"
143,Webmaster,Rosie_Mcgregor3326@gompie.com,Rosie Mcgregor,Wien,History,mobi,Belgium
144,Laboratory Technician,Shelby_Healy5565@bulaffy.com,Shelby Healy,Jacksonville,Family,tech,Mozambique
145,Project Manager,Dalia_Stewart1045@cispeto.com,Dalia Stewart,Paris,Sci-Fi,us,Ireland
146,Front Desk Coordinator,Paige_Parsons2391@irrepsy.com,Paige Parsons,Richmond,Musical,net,Maldives
147,Budget Analyst,Camila_Archer9850@zorer.org,Camila Archer,Detroit,Musical,us,Qatar
148,Executive Director,Gloria_Gray5739@mafthy.com,Gloria Gray,Paris,Family,info,Mozambique
149,Software Engineer,Florence_Oliver6591@bungar.biz,Florence Oliver,Moreno Valley,Biography,mobi,Saudi Arabia
150,Auditor,Rick_Bryant9428@nanoff.biz,Rick Bryant,New Orleans,History,ca,Guyana
151,Front Desk Coordinator,Joyce_Bell3329@twipet.com,Joyce Bell,Tallahassee,Fantasy,com,Lebanon
152,Loan Officer,Naomi_Calderwood7397@gembat.biz,Naomi Calderwood,Boston,Thriller,info,The Gambia
153,Cook,John_Raven1925@gompie.com,John Raven,Ontario,Comedy,edu,Croatia
154,Systems Administrator,Manuel_Wade1372@yahoo.com,Manuel Wade,Zurich,Biography,ca,Armenia
155,Insurance Broker,Victoria_Hilton7946@hourpy.biz,Victoria Hilton,Washington,Thriller,com,Mexico
156,Insurance Broker,Carl_Flett1340@atink.com,Carl Flett,Ontario,Biography,com,Brazil
157,Insurance Broker,Gemma_Ebbs6104@cispeto.com,Gemma Ebbs,Fayetteville,Action,net,Barbados
158,Auditor,Domenic_Warren3965@acrit.org,Domenic Warren,Fayetteville,History,info,Burundi
159,Cash Manager,Julius_Haines4401@twipet.com,Julius Haines,Irving,Action,com,Denmark
160,Pharmacist,Chad_Myatt1771@guentu.biz,Chad Myatt,Kansas City,Fantasy,info,"Korea, South"
161,Global Logistics Supervisor,David_Lyon8686@famism.biz,David Lyon,San Francisco,Family,org,Samoa
162,Executive Director,Henry_Ingham5232@bulaffy.com,Henry Ingham,Ontario,Musical,us,Jamaica
163,Cook,Julius_Graham7416@naiker.biz,Julius Graham,Miami,Thriller,tech,Comoros
164,Steward,Cecilia_Brooks5921@corti.com,Cecilia Brooks,Rochester,Action,com,Liberia
165,Audiologist,Mary_Steer8936@jiman.org,Mary Steer,Bucharest,Fantasy,us,Honduras
166,Front Desk Coordinator,Carolyn_Ward4491@eirey.tech,Carolyn Ward,Fayetteville,Sci-Fi,ca,Palau
167,Clerk,Emely_Simmons6494@fuliss.net,Emely Simmons,Worcester,Romance,org,Sri Lanka
168,Cook,Kate_Wright3877@joiniaa.com,Kate Wright,Honolulu,Action,com,Vanuatu
169,Webmaster,Johnathan_Bradshaw6844@naiker.biz,Johnathan Bradshaw,Fort Lauderdale,Romance,edu,Vatican City
170,Systems Administrator,Javier_Stewart7831@acrit.org,Javier Stewart,Huntsville,Family,edu,Austria
171,Operator,Angelique_Mcguire5505@twipet.com,Angelique Mcguire,Minneapolis,Biography,mobi,Cuba
172,Staffing Consultant,Harry_Santos2704@deons.tech,Harry Santos,El Paso,Adventure,tech,Ethiopia
173,Chef Manager,Mason_Radley5998@bungar.biz,Mason Radley,Seattle,Family,com,Sri Lanka
174,Executive Director,Tony_Camden7687@ovock.tech,Tony Camden,Orlando,Animation,com,Croatia
175,Stockbroker,Logan_Kaur9986@bungar.biz,Logan Kaur,Rochester,Family,edu,"Sudan, South"
176,Paramedic,Camellia_Roman232@jiman.org,Camellia Roman,Paris,Comedy,edu,Costa Rica
177,Steward,Hope_Marshall5793@nickia.com,Hope Marshall,San Francisco,Drama,biz,Jamaica
178,Investment  Advisor,Chester_Denton4145@famism.biz,Chester Denton,Glendale,Family,mobi,France
179,Laboratory Technician,Joseph_Smith5546@mafthy.com,Joseph Smith,Boston,Action,com,Solomon Islands
180,CNC Operator,Javier_Blackburn4835@acrit.org,Javier Blackburn,Seattle,Adventure,com,Pakistan
181,Cook,Roger_Swift629@gembat.biz,Roger Swift,Cincinnati,Romance,biz,Somalia
182,Inspector,Jade_Casey8765@naiker.biz,Jade Casey,Long Beach,Biography,org,Sao Tome and Principe
183,Treasurer,Remy_Newman5508@muall.tech,Remy Newman,Bakersfield,Horror,com,The Gambia
184,Systems Administrator,Eryn_Ventura791@liret.org,Eryn Ventura,Lincoln,Action,biz,Pakistan
185,Dentist,Chadwick_Preston547@typill.biz,Chadwick Preston,Lincoln,History,edu,Barbados
186,Steward,Tyler_Gibbons8815@sheye.org,Tyler Gibbons,Los Angeles,Sci-Fi,net,Trinidad and Tobago
187,Service Supervisor,Mark_Harrington3007@iatim.tech,Mark Harrington,Worcester,Drama,tech,Lebanon
188,Insurance Broker,Abbey_Wellington1255@supunk.biz,Abbey Wellington,Berna,Musical,net,Finland
189,Global Logistics Supervisor,Juliette_Murphy317@gompie.com,Juliette Murphy,Prague,Comedy,ca,Angola
190,Biologist,Anthony_Powell2135@fuliss.net,Anthony Powell,Colorado Springs,Family,net,Trinidad and Tobago
191,Front Desk Coordinator,Goldie_Osman9639@jiman.org,Goldie Osman,Huntsville,Sci-Fi,tech,Tajikistan
192,Paramedic,Harvey_Reyes8195@supunk.biz,Harvey Reyes,London,Romance,us,Uzbekistan
193,Pharmacist,Freya_Drew1704@sveldo.biz,Freya Drew,Baltimore,Comedy,edu,Turkmenistan
194,Web Developer,Maia_Hall4980@eirey.tech,Maia Hall,Salt Lake City,Drama,biz,Belarus
195,Design Engineer,Mike_Broomfield9905@vetan.org,Mike Broomfield,San Antonio,Adventure,com,Namibia
196,Call Center Representative,Gwenyth_Douglas5172@tonsy.org,Gwenyth Douglas,Bucharest,Family,mobi,"Congo, Republic of the"
197,IT Support Staff,Doug_Kelly8843@twace.org,Doug Kelly,Fremont,Animation,ca,Tanzania
198,Electrician,Anthony_Jackson731@gompie.com,Anthony Jackson,Tallahassee,Comedy,edu,Senegal
199,Global Logistics Supervisor,Oliver_Cadman4788@infotech44.tech,Oliver Cadman,Lisbon,History,net,Angola
200,HR Coordinator,Tony_Russel2959@tonsy.org,Tony Russel,Seattle,Romance,org,Saint Lucia
201,Designer,Carol_Lewis5464@infotech44.tech,Carol Lewis,Phoenix,Musical,com,Syria
202,Physician,Kurt_Utterson5422@brety.org,Kurt Utterson,San Bernardino,History,biz,Latvia
203,Healthcare Specialist,Anthony_Webster3297@supunk.biz,Anthony Webster,Rome,Animation,us,Cambodia
204,Laboratory Technician,Angelica_Robinson5806@twace.org,Angelica Robinson,Wien,Biography,us,Eritrea
205,Designer,Kassandra_Bailey4046@sheye.org,Kassandra Bailey,Toledo,Crime,tech,Bangladesh
206,HR Specialist,Ronald_Mccall7587@nimogy.biz,Ronald Mccall,Salem,Action,org,Central African Republic
207,Pharmacist,Skylar_Emmett7611@naiker.biz,Skylar Emmett,Huntsville,Family,edu,Slovakia
208,Mobile Developer,Mark_Olivier6132@bungar.biz,Mark Olivier,Moreno Valley,Family,net,Madagascar
209,Health Educator,Rocco_Thompson5314@tonsy.org,Rocco Thompson,Salt Lake City,Comedy,com,United Arab Emirates
210,IT Support Staff,Bryon_Jefferson796@liret.org,Bryon Jefferson,San Francisco,Action,org,Costa Rica
211,Operator,Carol_Knott8994@naiker.biz,Carol Knott,Oakland,History,edu,Estonia
212,Food Technologist,Carter_Wood8399@fuliss.net,Carter Wood,Innsbruck,History,edu,Israel
213,Audiologist,Jack_Radley5093@gembat.biz,Jack Radley,Boston,History,mobi,Liechtenstein
214,Designer,Katelyn_Wren7330@irrepsy.com,Katelyn Wren,Prague,Sci-Fi,mobi,Finland
215,Global Logistics Supervisor,Tyler_Alcroft9350@bulaffy.com,Tyler Alcroft,New Orleans,Fantasy,us,Macedonia
216,HR Specialist,Abbey_Martin9314@supunk.biz,Abbey Martin,Louisville,Crime,com,Equatorial Guinea
217,Accountant,Rocco_Hewitt2805@sheye.org,Rocco Hewitt,Reno,Horror,net,Liechtenstein
218,Systems Administrator,Kurt_Sylvester886@ovock.tech,Kurt Sylvester,Madrid,Comedy,net,Afghanistan
219,Healthcare Specialist,Nicholas_Palmer3812@grannar.com,Nicholas Palmer,Quebec,Horror,biz,Ecuador
220,Biologist,Ryan_Radcliffe1500@nanoff.biz,Ryan Radcliffe,Berlin,Fantasy,net,Guinea-Bissau
221,Software Engineer,Rosemary_Knight7794@gembat.biz,Rosemary Knight,Boston,Comedy,info,Denmark
222,Banker,Aiden_Adams270@bretoux.com,Aiden Adams,Quebec,Biography,net,Nauru
223,Stockbroker,Madison_Middleton3317@nickia.com,Madison Middleton,Albuquerque,Horror,mobi,Mauritania
224,Ambulatory Nurse,Hayden_Partridge4057@fuliss.net,Hayden Partridge,Lyon,Animation,tech,Andorra
225,Webmaster,Willow_Johnson3385@sveldo.biz,Willow Johnson,Henderson,Biography,com,Estonia
226,Clerk,Nicholas_Lunt3893@gmail.com,Nicholas Lunt,Charlotte,Fantasy,ca,Micronesia
227,Healthcare Specialist,Anthony_Gray9478@vetan.org,Anthony Gray,Richmond,Adventure,com,Vietnam
228,Baker,Rose_Payne3935@eirey.tech,Rose Payne,Salem,Animation,org,Italy
229,Loan Officer,Maddison_Stevens7638@kideod.biz,Maddison Stevens,Toledo,Musical,us,Venezuela
230,Dentist,Brad_Shaw1862@famism.biz,Brad Shaw,San Diego,Family,biz,Nauru
231,Steward,Ivette_Samuel5458@sheye.org,Ivette Samuel,Las Vegas,Musical,mobi,Maldives
232,Accountant,Greta_Vass5814@dionrab.com,Greta Vass,Rochester,Biography,net,Tajikistan
233,Cashier,Anthony_Sloan9403@liret.org,Anthony Sloan,Stockton,Adventure,ca,Germany
234,HR Specialist,Phoebe_Page 2712@kideod.biz,Phoebe Page ,Chicago,Biography,biz,Kuwait
235,Healthcare Specialist,John_Sawyer9002@sheye.org,John Sawyer,Henderson,Crime,us,Singapore
236,Cash Manager,Rick_Mooney2088@iatim.tech,Rick Mooney,Fort Lauderdale,Animation,com,Lesotho
237,Banker,Jamie_Boden4368@twace.org,Jamie Boden,Berlin,Drama,com,Maldives
238,Auditor,Carl_Parker109@eirey.tech,Carl Parker,Tokyo,Adventure,org,Andorra
239,Food Technologist,Marie_Goldsmith4692@joiniaa.com,Marie Goldsmith,San Jose,Drama,us,Belgium
240,Paramedic,Lorraine_Tindall3275@womeona.net,Lorraine Tindall,Baltimore,Adventure,mobi,Czech Republic
241,Audiologist,Jessica_Faulkner5281@ovock.tech,Jessica Faulkner,Richmond,Fantasy,net,Lithuania
242,Business Broker,Carol_Bayliss2296@nickia.com,Carol Bayliss,Amarillo,Biography,tech,Vietnam
243,Retail Trainee,Anabelle_Kelly8196@deavo.com,Anabelle Kelly,Oklahoma City,Biography,info,Papua New Guinea
244,Food Technologist,Clint_Truscott3269@muall.tech,Clint Truscott,Los Angeles,Crime,net,Eritrea
245,Health Educator,Payton_Niles357@gembat.biz,Payton Niles,Kansas City,Drama,mobi,Brunei
246,Webmaster,Joyce_Connell388@muall.tech,Joyce Connell,Santa Ana,Adventure,us,Côte d’Ivoire
247,Operator,Johnathan_Jennson5222@vetan.org,Johnathan Jennson,Saint Paul,Comedy,ca,Bangladesh
248,Treasurer,Oliver_Nayler7705@ubusive.com,Oliver Nayler,Paris,Action,biz,Costa Rica
249,Treasurer,Julian_Jeffery8808@bungar.biz,Julian Jeffery,Phoenix,Adventure,biz,Bolivia
250,Assistant Buyer,Gil_Rowe661@joiniaa.com,Gil Rowe,Reno,Musical,mobi,Myanmar
251,Electrician,Noemi_Moore7381@sheye.org,Noemi Moore,Berlin,Adventure,tech,Zambia
252,Associate Professor,Susan_Parsons3112@muall.tech,Susan Parsons,Stockton,Adventure,ca,South Africa
253,Mobile Developer,Lorraine_Shields7049@liret.org,Lorraine Shields,Prague,Thriller,biz,Burundi
254,Baker,Julia_Larkin9989@hourpy.biz,Julia Larkin,Madison,Drama,com,Algeria
255,Biologist,Noemi_Woodley2228@iatim.tech,Noemi Woodley,Lakewood,Animation,mobi,Myanmar
256,Call Center Representative,Elise_Morrison4889@dionrab.com,Elise Morrison,Tallahassee,Animation,ca,Tunisia
257,Restaurant Manager,Jackeline_Devonport931@dionrab.com,Jackeline Devonport,Innsbruck,Adventure,edu,Spain
258,Health Educator,Doris_Kelly5746@bretoux.com,Doris Kelly,Boston,Fantasy,edu,Palau
259,Laboratory Technician,Crystal_Osman678@infotech44.tech,Crystal Osman,Berlin,Adventure,info,Indonesia
260,Stockbroker,Domenic_Ashley692@qater.org,Domenic Ashley,Cincinnati,Fantasy,ca,Saint Vincent and the Grenadines
261,Treasurer,Shay_Russell2489@guentu.biz,Shay Russell,Madison,Family,ca,Andorra
262,Cash Manager,Natalie_Taylor1661@bulaffy.com,Natalie Taylor,Las Vegas,Romance,info,Micronesia
263,Retail Trainee,Enoch_Rogers9389@acrit.org,Enoch Rogers,Lyon,Thriller,biz,Uzbekistan
264,Doctor,Julius_Phillips6779@womeona.net,Julius Phillips,Venice,Romance,mobi,Canada
265,Software Engineer,Anabelle_Huggins765@jiman.org,Anabelle Huggins,Dallas,Romance,info,Guinea-Bissau
266,Lecturer,Olivia_Harrison9747@tonsy.org,Olivia Harrison,Milwaukee,Animation,biz,Swaziland
267,Electrician,Roger_Spencer5893@iatim.tech,Roger Spencer,Columbus,Musical,mobi,Jordan
268,Stockbroker,Martin_Coleman6254@cispeto.com,Martin Coleman,San Diego,Animation,edu,Hungary
269,Service Supervisor,Logan_Owen8309@extex.org,Logan Owen,Oklahoma City,Comedy,ca,China
270,Healthcare Specialist,Matt_Hancock3203@typill.biz,Matt Hancock,Scottsdale,Fantasy,mobi,Marshall Islands
271,Systems Administrator,Andrea_Price1933@dionrab.com,Andrea Price,Venice,Animation,mobi,Dominican Republic
272,Baker,Vanessa_Clarkson1905@fuliss.net,Vanessa Clarkson,Toledo,Crime,com,South Africa
273,Laboratory Technician,Clint_Pierce1211@nimogy.biz,Clint Pierce,San Antonio,Adventure,tech,Ireland
274,Lecturer,Leah_Mitchell232@bungar.biz,Leah Mitchell,Memphis,Adventure,com,Belarus
275,HR Coordinator,Carter_Boyle8471@twace.org,Carter Boyle,Lincoln,Action,edu,"Korea, North"
276,Webmaster,Carl_Callan3159@womeona.net,Carl Callan,Tallahassee,Comedy,edu,Cyprus
277,Loan Officer,Denis_Holmes5545@famism.biz,Denis Holmes,Albuquerque,Family,edu,Honduras
278,Steward,Alessandra_Webster5514@liret.org,Alessandra Webster,Kansas City,Animation,info,Kuwait
279,Doctor,Chloe_Thompson831@joiniaa.com,Chloe Thompson,Orlando,Family,net,Spain
280,Global Logistics Supervisor,Luna_Bolton5025@twace.org,Luna Bolton,Tokyo,Romance,ca,Libya
281,Stockbroker,Rylee_Armstrong5604@iatim.tech,Rylee Armstrong,Innsbruck,Adventure,ca,Djibouti
282,Call Center Representative,Mark_Griffiths8758@yahoo.com,Mark Griffiths,Garland,History,net,Saint Vincent and the Grenadines
283,HR Specialist,George_Walker6163@fuliss.net,George Walker,Tulsa,Fantasy,mobi,Sudan
284,Project Manager,Mara_Mcleod729@typill.biz,Mara Mcleod,Ontario,Comedy,org,Kyrgyzstan
285,Health Educator,Denis_Rossi1445@fuliss.net,Denis Rossi,Berna,Adventure,edu,Dominican Republic
286,Software Engineer,Chris_Dickson2159@bulaffy.com,Chris Dickson,Arlington,Family,mobi,The Bahamas
287,Healthcare Specialist,Chris_Morgan8822@bretoux.com,Chris Morgan,Nashville,Musical,edu,Malawi
288,Stockbroker,Rowan_Plant9786@tonsy.org,Rowan Plant,Bellevue,Fantasy,tech,Afghanistan
289,Staffing Consultant,Michael_Corbett6040@grannar.com,Michael Corbett,Tulsa,Romance,info,Antigua and Barbuda
290,Service Supervisor,Tom_Stewart3618@guentu.biz,Tom Stewart,Charlotte,Horror,tech,Estonia
291,Lecturer,Evelynn_Jarvis5135@extex.org,Evelynn Jarvis,Bellevue,Family,biz,Fiji
292,Accountant,Tyson_Kelly9818@vetan.org,Tyson Kelly,Los Angeles,History,ca,Germany
293,Designer,Ilona_Victor5255@sveldo.biz,Ilona Victor,El Paso,Romance,com,Saudi Arabia
294,Investment  Advisor,Sonya_Lunt9014@extex.org,Sonya Lunt,Portland,Romance,mobi,Uruguay
295,Cash Manager,Tom_Swift4218@liret.org,Tom Swift,Springfield,Adventure,ca,Belarus
296,Mobile Developer,George_Knott805@womeona.net,George Knott,Huntsville,Sci-Fi,com,Slovakia
297,Bellman,Domenic_Drummond7799@irrepsy.com,Domenic Drummond,Toledo,Comedy,us,Bahrain
298,Budget Analyst,Hayden_Kennedy9577@irrepsy.com,Hayden Kennedy,Salem,Comedy,com,United Kingdom
299,Service Supervisor,Emerald_Gilmour9227@deavo.com,Emerald Gilmour,Reno,Musical,com,Armenia
300,Health Educator,Nate_Lowe4833@acrit.org,Nate Lowe,New York,Musical,ca,Sweden
301,Banker,Thea_Shepherd9884@vetan.org,Thea Shepherd,Moreno Valley,Musical,edu,Costa Rica
302,IT Support Staff,Cameron_Norburn7338@eirey.tech,Cameron Norburn,Arlington,Biography,biz,Seychelles
303,Doctor,Oliver_Edley9537@gmail.com,Oliver Edley,Kansas City,Animation,info,Uruguay
304,Ambulatory Nurse,Henry_Vollans1679@brety.org,Henry Vollans,Lakewood,History,biz,"Korea, North"
305,HR Coordinator,Mona_Page 789@mafthy.com,Mona Page ,Baltimore,Musical,edu,Italy
306,Production Painter,Phillip_Edwards1769@bulaffy.com,Phillip Edwards,Minneapolis,History,edu,Panama
307,Fabricator,George_Tindall442@bulaffy.com,George Tindall,Madrid,Drama,ca,Bahrain
308,Paramedic,Ethan_Thomas1171@zorer.org,Ethan Thomas,Baltimore,History,mobi,Mongolia
309,Ambulatory Nurse,Javier_Rust5182@ovock.tech,Javier Rust,Los Angeles,Thriller,net,Mauritius
310,Mobile Developer,Chuck_Giles9014@typill.biz,Chuck Giles,Minneapolis,Animation,info,Cabo Verde
311,Dentist,Russel_Hogg8423@liret.org,Russel Hogg,Indianapolis,Thriller,info,"Korea, North"
312,Food Technologist,Abdul_Hardwick569@yahoo.com,Abdul Hardwick,Norfolk,Comedy,info,Saudi Arabia
313,Call Center Representative,Estrella_Lewis6150@qater.org,Estrella Lewis,El Paso,Drama,org,"Korea, North"
314,Web Developer,Rachael_Wood1680@corti.com,Rachael Wood,Huntsville,Drama,biz,Romania
315,Inspector,Kaylee_Villiger1634@supunk.biz,Kaylee Villiger,Jacksonville,Horror,edu,Cambodia
316,Treasurer,Mara_Herbert9968@gompie.com,Mara Herbert,Milwaukee,History,com,Nicaragua
317,Insurance Broker,Eve_Rowan7755@bulaffy.com,Eve Rowan,Philadelphia,History,com,Madagascar
318,Associate Professor,Callie_Robe5668@gembat.biz,Callie Robe,Bakersfield,Animation,org,Morocco
319,Inspector,Lexi_Steer4777@brety.org,Lexi Steer,Lakewood,Adventure,edu,Uruguay
320,Clerk,Karen_Hall9650@bauros.biz,Karen Hall,Bellevue,Animation,net,Nigeria
321,Health Educator,Alison_Boyle7792@mafthy.com,Alison Boyle,Orlando,Biography,mobi,Samoa
322,Ambulatory Nurse,Havana_Fisher9198@gmail.com,Havana Fisher,Murfreesboro,Drama,edu,The Gambia
323,Service Supervisor,Anthony_Walsh1039@womeona.net,Anthony Walsh,Zurich,Romance,us,Ireland
324,IT Support Staff,William_Stewart6861@nickia.com,William Stewart,New York,History,ca,Mali
325,Budget Analyst,Leanne_Myatt1328@dionrab.com,Leanne Myatt,Denver,Biography,info,Luxembourg
326,IT Support Staff,Jocelyn_Mcneill2089@nickia.com,Jocelyn Mcneill,Miami,Thriller,tech,Nigeria
327,Cashier,Parker_Yates7485@fuliss.net,Parker Yates,Zurich,Thriller,org,Nigeria
328,Restaurant Manager,Eryn_Walsh7913@corti.com,Eryn Walsh,Louisville,History,biz,Fiji
329,Project Manager,Bree_Weatcroft5729@gompie.com,Bree Weatcroft,Innsbruck,Comedy,edu,USA
330,Laboratory Technician,Willow_Rowlands6621@ovock.tech,Willow Rowlands,Tallahassee,Drama,com,Micronesia
331,Health Educator,Eryn_Utterson1124@deons.tech,Eryn Utterson,Toledo,Drama,tech,Uzbekistan
332,Business Broker,Martin_Collingwood8728@tonsy.org,Martin Collingwood,Indianapolis,Musical,biz,Andorra
333,Paramedic,Sasha_Waterson316@acrit.org,Sasha Waterson,Omaha,Biography,com,Togo
334,Machine Operator,Audrey_Shelton3188@infotech44.tech,Audrey Shelton,Irving,Musical,ca,Solomon Islands
335,Mobile Developer,Danny_Yates7440@sveldo.biz,Danny Yates,Milano,Musical,biz,Papua New Guinea
336,Audiologist,Erica_Knight3425@hourpy.biz,Erica Knight,Denver,Comedy,org,Belarus
337,Bookkeeper,Belinda_Uddin5088@grannar.com,Belinda Uddin,Fremont,Animation,edu,Swaziland
338,Clerk,Martha_Cork6854@liret.org,Martha Cork,Paris,Comedy,biz,Moldova
339,Assistant Buyer,Carissa_Brown3322@sheye.org,Carissa Brown,Boston,Thriller,net,Spain
340,Retail Trainee,Michaela_Speed9725@deavo.com,Michaela Speed,Cincinnati,Thriller,info,Azerbaijan
341,HR Coordinator,Lana_Clarke9631@bungar.biz,Lana Clarke,Amarillo,Musical,us,Singapore
342,Biologist,Daron_Latham9044@typill.biz,Daron Latham,Bridgeport,Sci-Fi,mobi,Nauru
343,Service Supervisor,Carter_Wooldridge693@bretoux.com,Carter Wooldridge,Oakland,Horror,tech,Malta
344,Health Educator,Brad_Alcroft4431@infotech44.tech,Brad Alcroft,Arlington,Musical,edu,Serbia
345,Ambulatory Nurse,Amy_Fox8370@tonsy.org,Amy Fox,New York,Musical,net,Botswana
346,Cash Manager,Hank_Allen8725@iatim.tech,Hank Allen,Fullerton,Comedy,info,Philippines
347,HR Specialist,Rita_Gates6136@eirey.tech,Rita Gates,San Francisco,History,net,Indonesia
348,Stockbroker,Kate_Patel8969@ovock.tech,Kate Patel,Ontario,History,us,Ukraine
349,Auditor,Jessica_Radley9069@gembat.biz,Jessica Radley,Albuquerque,Thriller,us,Côte d’Ivoire
350,Insurance Broker,Trisha_Larkin1572@hourpy.biz,Trisha Larkin,Tallahassee,Thriller,org,South Africa
351,Budget Analyst,Shay_Collingwood6023@liret.org,Shay Collingwood,Tallahassee,Fantasy,net,Indonesia
352,Production Painter,Luke_Murray2367@ubusive.com,Luke Murray,Moreno Valley,Action,biz,Serbia
353,Production Painter,Sebastian_May9177@naiker.biz,Sebastian May,Salem,Family,us,Seychelles
354,Design Engineer,Lucas_Young327@qater.org,Lucas Young,Cincinnati,Comedy,org,Gabon
355,Associate Professor,Marvin_Morris2784@joiniaa.com,Marvin Morris,Minneapolis,Family,mobi,Kenya
356,Machine Operator,Cameron_Garner5704@liret.org,Cameron Garner,Nashville,History,com,Libya
357,Bellman,Tom_Khan2651@tonsy.org,Tom Khan,Kansas City,Horror,ca,Liechtenstein
358,Doctor,Willow_Zaoui4512@naiker.biz,Willow Zaoui,Orlando,Crime,mobi,Cyprus
359,CNC Operator,Mayleen_Booth9958@bungar.biz,Mayleen Booth,Prague,Musical,org,Libya
360,Front Desk Coordinator,Danny_Hepburn6623@bulaffy.com,Danny Hepburn,Garland,Animation,com,Saudi Arabia
361,Chef Manager,Emma_Reynolds2114@qater.org,Emma Reynolds,Henderson,Romance,biz,Samoa
362,Doctor,Denis_Richardson3444@yahoo.com,Denis Richardson,Washington,Drama,mobi,Lesotho
363,Design Engineer,Ramon_Kent8394@eirey.tech,Ramon Kent,Rome,Sci-Fi,tech,Rwanda
364,Service Supervisor,Maxwell_Wills2914@yahoo.com,Maxwell Wills,Wien,Action,us,Central African Republic
365,Production Painter,Matthew_Johnson321@bretoux.com,Matthew Johnson,Oklahoma City,History,com,Belgium
366,Clerk,Makenzie_Purvis6366@zorer.org,Makenzie Purvis,Berna,Sci-Fi,ca,Qatar
367,Executive Director,Nate_Purvis3034@bulaffy.com,Nate Purvis,Milwaukee,Sci-Fi,us,Angola
368,Bookkeeper,Olivia_Gibson5176@qater.org,Olivia Gibson,Columbus,Musical,edu,Tunisia
369,Laboratory Technician,Martin_Ralph9439@bulaffy.com,Martin Ralph,Baltimore,Animation,com,Sudan
370,Software Engineer,Alan_Cox8254@twace.org,Alan Cox,Memphis,Romance,com,Micronesia
371,Business Broker,Jacob_Gordon6620@typill.biz,Jacob Gordon,Philadelphia,Animation,us,Niger
372,Production Painter,Daniel_Veale2046@tonsy.org,Daniel Veale,Lincoln,Romance,net,Croatia
373,Health Educator,Harry_Evans7221@bretoux.com,Harry Evans,New Orleans,Animation,mobi,Serbia
374,Chef Manager,Kieth_Rycroft2331@muall.tech,Kieth Rycroft,Houston,Romance,mobi,Switzerland
375,Fabricator,Destiny_Bennett1614@extex.org,Destiny Bennett,Prague,Sci-Fi,com,Belgium
376,Dentist,Michael_Long146@zorer.org,Michael Long,Oklahoma City,Thriller,tech,Ecuador
377,Retail Trainee,Roger_Weston2030@hourpy.biz,Roger Weston,Columbus,Action,mobi,Madagascar
378,Auditor,Cynthia_Ingham3620@infotech44.tech,Cynthia Ingham,Glendale,Action,edu,Finland
379,Steward,Gladys_Strong3297@cispeto.com,Gladys Strong,El Paso,Action,ca,Yemen
380,Food Technologist,Tara_Saunders8459@hourpy.biz,Tara Saunders,Wien,Horror,com,Suriname
381,Web Developer,Josh_Stevenson2035@atink.com,Josh Stevenson,San Jose,Adventure,us,The Gambia
382,Loan Officer,Jennifer_Quinnell7705@tonsy.org,Jennifer Quinnell,Valetta,Romance,ca,"Sudan, South"
383,Project Manager,Camden_Pitt4314@kideod.biz,Camden Pitt,San Diego,Comedy,net,Belize
384,Loan Officer,Enoch_Terry3546@gmail.com,Enoch Terry,Boston,Comedy,tech,Andorra
385,Stockbroker,Camellia_Rothwell3158@gembat.biz,Camellia Rothwell,Bridgeport,Biography,ca,France
386,Auditor,Naomi_Alldridge3736@ubusive.com,Naomi Alldridge,Quebec,Drama,com,Malaysia
387,Paramedic,Domenic_Oswald1475@sveldo.biz,Domenic Oswald,Richmond,Family,net,Tuvalu
388,HR Coordinator,Lillian_Jordan5723@twace.org,Lillian Jordan,Omaha,Horror,com,Italy
389,Doctor,Sofie_Nielson1282@extex.org,Sofie Nielson,Long Beach,Animation,tech,El Salvador
390,Mobile Developer,Evelynn_Mackenzie5776@eirey.tech,Evelynn Mackenzie,Indianapolis,Fantasy,biz,Azerbaijan
391,Chef Manager,Owen_Roberts6874@cispeto.com,Owen Roberts,Milano,Sci-Fi,mobi,Zimbabwe
392,Business Broker,Bryce_Welsch9650@gmail.com,Bryce Welsch,Los Angeles,Sci-Fi,edu,Central African Republic
393,Webmaster,Aiden_Aldridge142@elnee.tech,Aiden Aldridge,Innsbruck,Sci-Fi,mobi,Lesotho
394,Biologist,Mandy_Walter1861@gmail.com,Mandy Walter,Scottsdale,Romance,ca,Kosovo
395,HR Coordinator,Barney_Woodcock2479@jiman.org,Barney Woodcock,Moreno Valley,Adventure,us,Azerbaijan
396,Bellman,Kassandra_Chester4154@womeona.net,Kassandra Chester,Charlotte,Fantasy,org,Nigeria
397,Pharmacist,Maria_Ventura5594@atink.com,Maria Ventura,Seattle,Crime,edu,Luxembourg
398,Lecturer,Barney_Gallacher6497@guentu.biz,Barney Gallacher,Valetta,Adventure,edu,Ghana
399,Retail Trainee,Jack_Fields8107@nickia.com,Jack Fields,Bakersfield,Thriller,info,Philippines
400,Production Painter,Daphne_Richardson3338@kideod.biz,Daphne Richardson,Lyon,Horror,org,Bosnia and Herzegovina
401,Software Engineer,Maribel_Woods4140@bungar.biz,Maribel Woods,Huntsville,Drama,ca,Tunisia
402,Auditor,George_Farrant5689@dionrab.com,George Farrant,Anaheim,Comedy,edu,Swaziland
403,Biologist,Harvey_Irwin1294@tonsy.org,Harvey Irwin,Springfield,Adventure,edu,Azerbaijan
404,Mobile Developer,Gloria_Richardson8479@yahoo.com,Gloria Richardson,Anaheim,Adventure,org,Kiribati
405,Baker,Lara_Kennedy5298@grannar.com,Lara Kennedy,Lincoln,Horror,edu,Mauritius
406,Webmaster,Nick_Hastings608@jiman.org,Nick Hastings,Glendale,Thriller,info,Colombia
407,HR Coordinator,Brad_Murphy6404@mafthy.com,Brad Murphy,Hayward,Family,ca,Turkey
408,Production Painter,Diane_Eaton1679@nickia.com,Diane Eaton,Jersey City,Adventure,info,Tanzania
409,Staffing Consultant,Renee_Watson3762@gmail.com,Renee Watson,Fayetteville,Adventure,info,Tanzania
410,Stockbroker,Fred_Heaton3808@qater.org,Fred Heaton,Salt Lake City,Family,biz,Sweden
411,Treasurer,Adeline_Dobson8109@gembat.biz,Adeline Dobson,Venice,Fantasy,com,Liberia
412,Bookkeeper,Michael_Vernon953@fuliss.net,Michael Vernon,Washington,Adventure,tech,Honduras
413,Insurance Broker,Rosalee_May3527@iatim.tech,Rosalee May,Honolulu,Musical,biz,Lesotho
414,HR Specialist,Anthony_Quinn8480@ubusive.com,Anthony Quinn,Venice,Animation,ca,Antigua and Barbuda
415,Fabricator,Elijah_Reid5574@joiniaa.com,Elijah Reid,Tallahassee,Adventure,net,Mongolia
416,Project Manager,Nick_Thatcher4231@infotech44.tech,Nick Thatcher,San Antonio,Thriller,mobi,Andorra
417,Business Broker,Bryce_Butler8215@fuliss.net,Bryce Butler,Hayward,Family,com,Malaysia
418,Assistant Buyer,Mason_Cowan8471@supunk.biz,Mason Cowan,San Diego,Crime,info,Bulgaria
419,HR Coordinator,Dorothy_Evans8019@cispeto.com,Dorothy Evans,Tulsa,Crime,com,Cambodia
420,Retail Trainee,Zoe_Jennson8476@bretoux.com,Zoe Jennson,Zurich,Drama,us,Turkey
421,Pharmacist,Sofie_Addis3079@typill.biz,Sofie Addis,London,Musical,org,India
422,Electrician,Melinda_Funnell8236@elnee.tech,Melinda Funnell,New York,Adventure,tech,United Kingdom
423,Assistant Buyer,Aisha_Windsor2284@qater.org,Aisha Windsor,Phoenix,Sci-Fi,tech,Turkey
424,HR Coordinator,Gloria_Haines3373@twipet.com,Gloria Haines,Moreno Valley,History,edu,Kuwait
425,Executive Director,David_Egerton4571@qater.org,David Egerton,Reno,History,ca,Sudan
426,Design Engineer,Jolene_Kennedy690@guentu.biz,Jolene Kennedy,Cincinnati,Romance,net,Tonga
427,Loan Officer,Barney_Dillon96@womeona.net,Barney Dillon,Scottsdale,Thriller,ca,Netherlands
428,Budget Analyst,Bob_Bowen1627@naiker.biz,Bob Bowen,Lancaster,Comedy,mobi,Mongolia
429,Cash Manager,Ally_Yoman1440@nimogy.biz,Ally Yoman,Fullerton,History,net,Russia
430,Production Painter,Mayleen_Leslie8441@gembat.biz,Mayleen Leslie,Columbus,Animation,com,Mauritania
431,Loan Officer,Moira_Radcliffe7567@hourpy.biz,Moira Radcliffe,Baltimore,Romance,mobi,"Korea, South"
432,Investment  Advisor,Rose_Pope3148@qater.org,Rose Pope,San Bernardino,Thriller,ca,Jamaica
433,Associate Professor,Cherish_Gibbons9529@dionrab.com,Cherish Gibbons,San Bernardino,Comedy,org,Monaco
434,Inspector,Martin_Baker996@gembat.biz,Martin Baker,Innsbruck,Family,mobi,"Korea, North"
435,Bookkeeper,Mavis_Jenkin1852@bretoux.com,Mavis Jenkin,Bucharest,Sci-Fi,tech,Bahrain
436,Operator,Noemi_Walsh3528@yahoo.com,Noemi Walsh,Colorado Springs,Romance,org,Equatorial Guinea
437,Healthcare Specialist,Jayden_Sherry1027@bretoux.com,Jayden Sherry,Anaheim,Adventure,biz,Bosnia and Herzegovina
438,Software Engineer,Ethan_Dann4273@typill.biz,Ethan Dann,Orlando,Thriller,net,Belgium
439,Health Educator,Rocco_Umney5853@ubusive.com,Rocco Umney,Anaheim,Crime,info,Malawi
440,Project Manager,Jayden_Doherty3277@vetan.org,Jayden Doherty,Milano,Romance,info,Cambodia
441,Food Technologist,Monica_Higgs3964@deavo.com,Monica Higgs,Irving,Biography,us,The Bahamas
442,CNC Operator,Caleb_Skinner6290@gompie.com,Caleb Skinner,Miami,History,us,Belarus
443,Webmaster,Joseph_Uttley6776@gompie.com,Joseph Uttley,Seattle,Biography,net,Mozambique
444,Accountant,Jazmin_Gallacher9354@deons.tech,Jazmin Gallacher,Denver,Family,mobi,United Arab Emirates
445,Cash Manager,Ronald_Vallory4969@kideod.biz,Ronald Vallory,Murfreesboro,Adventure,info,Belarus
446,Business Broker,Maddison_Patel1920@tonsy.org,Maddison Patel,Salem,Romance,org,Uganda
447,Baker,Caitlyn_Emmott2328@eirey.tech,Caitlyn Emmott,Indianapolis,Drama,ca,The Bahamas
448,Doctor,Liam_Yard938@supunk.biz,Liam Yard,Oklahoma City,Adventure,net,Colombia
449,Front Desk Coordinator,William_Tutton6566@gembat.biz,William Tutton,Innsbruck,Adventure,net,Greece
450,CNC Operator,Dani_Trent5468@twipet.com,Dani Trent,Dallas,Drama,edu,Montenegro
451,Systems Administrator,Carmella_Connor3421@bungar.biz,Carmella Connor,Innsbruck,Horror,ca,Libya
452,Designer,Carrie_Phillips7885@infotech44.tech,Carrie Phillips,Zurich,Thriller,net,Sri Lanka
453,Baker,Percy_Stanton6927@kideod.biz,Percy Stanton,Charlotte,Romance,net,Libya
454,Systems Administrator,Madelyn_Stone 2201@eirey.tech,Madelyn Stone ,Pittsburgh,Biography,mobi,Mexico
455,Cashier,Ron_Salt794@nickia.com,Ron Salt,Valetta,Animation,com,Bangladesh
456,HR Coordinator,Barney_Clarkson2477@muall.tech,Barney Clarkson,Phoenix,Crime,us,Austria
457,Project Manager,Nicholas_Walker522@guentu.biz,Nicholas Walker,Columbus,Family,edu,Belize
458,Bellman,Javier_Simpson622@deavo.com,Javier Simpson,Otawa,Biography,mobi,El Salvador
459,Cash Manager,Nicholas_Hardwick8626@qater.org,Nicholas Hardwick,Pittsburgh,Romance,biz,Israel
460,Production Painter,Nicholas_Groves7198@bungar.biz,Nicholas Groves,Bucharest,Crime,tech,Chile
461,Web Developer,Cara_Isaac2808@bungar.biz,Cara Isaac,Los Angeles,Romance,ca,Turkey
462,Baker,Carrie_Noach8460@deavo.com,Carrie Noach,Cincinnati,Family,tech,Azerbaijan
463,IT Support Staff,Livia_Mould9736@nickia.com,Livia Mould,Oakland,Comedy,biz,Maldives
464,Production Painter,George_Anderson9407@qater.org,George Anderson,Fort Lauderdale,Fantasy,tech,Sweden
465,Staffing Consultant,Sydney_Garner6248@tonsy.org,Sydney Garner,Tokyo,Biography,com,USA
466,Machine Operator,Tara_James9936@vetan.org,Tara James,Fayetteville,Biography,ca,Uruguay
467,Associate Professor,Kate_Little8366@acrit.org,Kate Little,Hayward,Family,us,Kuwait
468,Insurance Broker,Shannon_Dubois817@deavo.com,Shannon Dubois,Reno,Action,info,Peru
469,Ambulatory Nurse,Esmeralda_Varndell9404@infotech44.tech,Esmeralda Varndell,Innsbruck,Adventure,ca,Suriname
470,Paramedic,Harry_Ralph7278@zorer.org,Harry Ralph,Chicago,Comedy,tech,Argentina
471,Systems Administrator,Zara_Broomfield4367@elnee.tech,Zara Broomfield,Innsbruck,Action,edu,"Korea, South"
472,Webmaster,Ronald_Mason9707@typill.biz,Ronald Mason,Scottsdale,Musical,ca,Saint Lucia
473,Treasurer,Carter_Reese1986@deavo.com,Carter Reese,Bellevue,Biography,us,Azerbaijan
474,Retail Trainee,Alexander_Saunders4040@hourpy.biz,Alexander Saunders,Denver,Musical,tech,Comoros
475,Software Engineer,Bob_Yarlett4260@jiman.org,Bob Yarlett,Philadelphia,Adventure,biz,Thailand
476,Biologist,Rihanna_Carson1778@gompie.com,Rihanna Carson,Lakewood,Comedy,net,Finland
477,Auditor,Kassandra_Ainsworth649@deavo.com,Kassandra Ainsworth,Irving,Adventure,biz,Iceland
478,Bookkeeper,Cecilia_Pond1193@kideod.biz,Cecilia Pond,Escondido,Horror,ca,Moldova
479,Restaurant Manager,Sofie_Fall9098@mafthy.com,Sofie Fall,Bucharest,Fantasy,com,Togo
480,Biologist,Javier_Noach2278@hourpy.biz,Javier Noach,Fort Lauderdale,Family,org,Mexico
481,Operator,Harvey_Russell2428@cispeto.com,Harvey Russell,Murfreesboro,Sci-Fi,tech,Finland
482,CNC Operator,Wade_Thompson9011@twace.org,Wade Thompson,Jacksonville,History,ca,Dominican Republic
483,Executive Director,Barry_Isaac1638@famism.biz,Barry Isaac,Lancaster,Crime,mobi,Iraq
484,HR Specialist,Daniel_Morgan3157@extex.org,Daniel Morgan,Long Beach,Crime,com,Serbia
485,Lecturer,Megan_Duvall5618@extex.org,Megan Duvall,San Jose,Sci-Fi,us,Turkmenistan
486,Global Logistics Supervisor,Noah_Ingham205@bulaffy.com,Noah Ingham,Dallas,Comedy,com,Chile
487,Health Educator,Alexander_Dillon4267@jiman.org,Alexander Dillon,Wien,Animation,edu,Thailand
488,Executive Director,Chris_Alcroft3975@sveldo.biz,Chris Alcroft,Miami,Romance,tech,Andorra
489,Designer,Kate_Edmonds2156@grannar.com,Kate Edmonds,Salt Lake City,Sci-Fi,mobi,Croatia
490,Service Supervisor,Natalie_Knight4915@nickia.com,Natalie Knight,Houston,Thriller,net,Romania
491,Insurance Broker,Gabriel_Poulton3224@gmail.com,Gabriel Poulton,Arlington,Fantasy,biz,Paraguay
492,Staffing Consultant,Johnathan_Clifton5366@brety.org,Johnathan Clifton,Madrid,History,info,Ethiopia
493,Call Center Representative,Bernadette_Cooper5652@bungar.biz,Bernadette Cooper,Oklahoma City,Thriller,edu,Nauru
494,Electrician,Camila_Patel2528@bulaffy.com,Camila Patel,Richmond,Musical,biz,Uganda
495,Restaurant Manager,Jaylene_Wellington9408@qater.org,Jaylene Wellington,Bellevue,Sci-Fi,biz,Brazil
496,Ambulatory Nurse,Luna_Evans1404@twipet.com,Luna Evans,Irving,Adventure,net,Serbia
497,Staffing Consultant,Elise_Shepherd5540@naiker.biz,Elise Shepherd,Bucharest,Family,edu,Belgium
498,Budget Analyst,Wade_Robinson5698@extex.org,Wade Robinson,Washington,Sci-Fi,us,Zambia
499,Project Manager,Blake_Rose4549@infotech44.tech,Blake Rose,Henderson,Drama,ca,Malta
500,Fabricator,Jocelyn_Alexander9643@typill.biz,Jocelyn Alexander,Otawa,Fantasy,us,Central African Republic
501,Inspector,Aileen_Butler2053@deavo.com,Aileen Butler,Laredo,Romance,info,Saint Vincent and the Grenadines
502,Doctor,Adalie_Holmes6389@hourpy.biz,Adalie Holmes,Lakewood,Thriller,org,South Africa
503,Healthcare Specialist,Hayden_Gordon4042@elnee.tech,Hayden Gordon,Minneapolis,Comedy,edu,Malaysia
504,Baker,Bryon_Dallas8516@naiker.biz,Bryon Dallas,Lincoln,Crime,edu,Finland
505,Food Technologist,Erica_Martin116@extex.org,Erica Martin,Rochester,Biography,biz,Guatemala
506,Loan Officer,Sabrina_Robertson4908@gompie.com,Sabrina Robertson,Bakersfield,Comedy,biz,Sierra Leone
507,Executive Director,Adelaide_Bradshaw8449@mafthy.com,Adelaide Bradshaw,Honolulu,Adventure,us,Estonia
508,Treasurer,Quinn_Shaw8034@nickia.com,Quinn Shaw,Jacksonville,Animation,edu,Slovenia
509,Bellman,Jacob_Bolton8224@gmail.com,Jacob Bolton,Minneapolis,Musical,edu,Congo
510,Budget Analyst,Tom_Vane3574@deons.tech,Tom Vane,Garland,Adventure,ca,Sudan
511,Restaurant Manager,Leroy_Pope3673@twace.org,Leroy Pope,Bridgeport,Musical,net,Kenya
512,Chef Manager,Colleen_Eddison5530@acrit.org,Colleen Eddison,Washington,History,net,Vanuatu
513,Pharmacist,Oliver_Healy1398@gembat.biz,Oliver Healy,Philadelphia,Action,com,Poland
514,Assistant Buyer,Nicholas_Wren3009@dionrab.com,Nicholas Wren,Jacksonville,Crime,org,"Sudan, South"
515,Staffing Consultant,Tony_Rossi4590@jiman.org,Tony Rossi,Tulsa,Family,biz,USA
516,Auditor,Ivette_Reyes1833@famism.biz,Ivette Reyes,Omaha,Comedy,biz,Central African Republic
517,Steward,William_Roberts4580@sveldo.biz,William Roberts,Henderson,Fantasy,edu,Spain
518,Retail Trainee,Sadie_Walker7365@bauros.biz,Sadie Walker,Charlotte,Adventure,ca,Ukraine
519,Call Center Representative,Molly_Shaw9261@irrepsy.com,Molly Shaw,Arlington,Sci-Fi,com,Nigeria
520,Cashier,Chuck_Healy4276@iatim.tech,Chuck Healy,Miami,Romance,biz,Vatican City
521,Lecturer,Kurt_Trent4346@gompie.com,Kurt Trent,Berna,Comedy,biz,Sudan
522,Budget Analyst,Marvin_Lee4751@vetan.org,Marvin Lee,Otawa,Family,us,Nicaragua
523,Executive Director,Miley_Varndell9874@jiman.org,Miley Varndell,Innsbruck,Drama,mobi,Algeria
524,Bookkeeper,Manuel_Asher7255@deons.tech,Manuel Asher,San Bernardino,Drama,ca,Bhutan
525,Bookkeeper,Monica_Weatcroft1269@ovock.tech,Monica Weatcroft,Richmond,Drama,ca,Ireland
526,Associate Professor,Rhea_Jordan5137@kideod.biz,Rhea Jordan,Oklahoma City,Animation,net,Antigua and Barbuda
527,Bookkeeper,Kieth_Bell1263@acrit.org,Kieth Bell,Oakland,Romance,mobi,Tuvalu
528,CNC Operator,Alexander_Vallory9782@dionrab.com,Alexander Vallory,Springfield,Animation,us,India
529,Webmaster,Melody_Bayliss1634@dionrab.com,Melody Bayliss,Otawa,Drama,edu,Argentina
530,Associate Professor,Andie_Mullins366@eirey.tech,Andie Mullins,Colorado Springs,Family,ca,Peru
531,CNC Operator,Maxwell_Foxley488@infotech44.tech,Maxwell Foxley,San Jose,History,biz,Kyrgyzstan
532,Paramedic,Ryan_Wood503@typill.biz,Ryan Wood,San Jose,Biography,com,Malawi
533,Food Technologist,Winnie_Edler8086@womeona.net,Winnie Edler,Amarillo,Animation,net,Mexico
534,Retail Trainee,Nicholas_Ainsworth8047@twace.org,Nicholas Ainsworth,Nashville,Sci-Fi,net,Azerbaijan
535,Accountant,Michael_Jacobs2528@deavo.com,Michael Jacobs,Sacramento,History,biz,Morocco
536,Staffing Consultant,Bryon_Brennan1257@eirey.tech,Bryon Brennan,Arlington,Fantasy,biz,Netherlands
537,Bookkeeper,Danny_Long1621@hourpy.biz,Danny Long,Omaha,Biography,com,Moldova
538,Inspector,Selena_Stewart3946@ubusive.com,Selena Stewart,Berna,Drama,org,Bosnia and Herzegovina
539,Mobile Developer,Sadie_Todd8788@typill.biz,Sadie Todd,Philadelphia,Adventure,biz,Chad
540,Baker,Bryon_Campbell1824@guentu.biz,Bryon Campbell,Fremont,Crime,com,New Zealand
541,Design Engineer,Renee_Collis7235@guentu.biz,Renee Collis,Glendale,Animation,com,Libya
542,Budget Analyst,Tom_Grant6509@irrepsy.com,Tom Grant,Nashville,Family,mobi,Burundi
543,Webmaster,Abbey_Blackburn561@twace.org,Abbey Blackburn,Anaheim,Comedy,mobi,Tajikistan
544,Design Engineer,Juliet_Purvis9678@womeona.net,Juliet Purvis,Hollywood,Family,tech,Denmark
545,Retail Trainee,Hank_Yoman7499@twipet.com,Hank Yoman,Springfield,Biography,edu,Poland
546,Baker,Michael_Vaughan4700@iatim.tech,Michael Vaughan,Laredo,Biography,biz,Afghanistan
547,Cashier,Chester_Fields1109@kideod.biz,Chester Fields,Reno,History,us,Switzerland
548,Steward,Jacqueline_Bailey3936@bauros.biz,Jacqueline Bailey,Long Beach,Musical,mobi,Malaysia
549,Cash Manager,Robyn_Wise9123@ubusive.com,Robyn Wise,San Antonio,History,us,Ecuador
550,Assistant Buyer,Gabriel_King7012@muall.tech,Gabriel King,Wien,Musical,info,Benin
551,Pharmacist,Mark_Jenkin2113@corti.com,Mark Jenkin,Glendale,Fantasy,us,Uzbekistan
552,Design Engineer,Angelina_Richards9001@extex.org,Angelina Richards,Arlington,History,edu,Samoa
553,Design Engineer,Katelyn_Powell7766@naiker.biz,Katelyn Powell,Fayetteville,Sci-Fi,com,Japan
554,Webmaster,Blake_Nayler1742@muall.tech,Blake Nayler,Bucharest,Drama,mobi,Myanmar
555,Operator,Brad_Gray490@fuliss.net,Brad Gray,Venice,Action,info,Poland
556,Assistant Buyer,Chadwick_Murphy6366@liret.org,Chadwick Murphy,Colorado Springs,Action,mobi,Myanmar
557,Chef Manager,Roger_Stewart309@naiker.biz,Roger Stewart,Los Angeles,Comedy,info,Nigeria
558,Clerk,Amy_Pickard3003@typill.biz,Amy Pickard,Ontario,Horror,net,Czech Republic
559,Physician,Alexia_Varndell3620@extex.org,Alexia Varndell,Denver,Romance,net,Bulgaria
560,Ambulatory Nurse,Carl_Yard9962@famism.biz,Carl Yard,Houston,Horror,ca,Mauritius
561,Audiologist,Nate_Beal7120@typill.biz,Nate Beal,Huntsville,History,biz,Kenya
562,Paramedic,Louise_Pond5798@ovock.tech,Louise Pond,Jersey City,Horror,org,India
563,Clerk,Noah_Anderson3867@mafthy.com,Noah Anderson,Miami,Animation,us,Guyana
564,Restaurant Manager,Jazmin_Ranks5052@supunk.biz,Jazmin Ranks,Henderson,Family,edu,Chad
565,Treasurer,Zoe_Hall7815@extex.org,Zoe Hall,Berna,Biography,mobi,India
566,Operator,Emma_Dyson6127@nimogy.biz,Emma Dyson,New Orleans,Adventure,mobi,Singapore
567,Accountant,Sloane_Warren7730@extex.org,Sloane Warren,Long Beach,Action,info,Canada
568,Bellman,Russel_Carter9853@qater.org,Russel Carter,New Orleans,Crime,mobi,Serbia
569,Laboratory Technician,Gabriel_Roberts4245@gembat.biz,Gabriel Roberts,Innsbruck,Family,tech,Ireland
570,Business Broker,Goldie_Vince2000@brety.org,Goldie Vince,Oklahoma City,Crime,us,Samoa
571,Paramedic,Ember_Addley2206@naiker.biz,Ember Addley,Madrid,Comedy,ca,Czech Republic
572,Health Educator,Jamie_Logan9655@liret.org,Jamie Logan,St. Louis,Biography,edu,Bangladesh
573,Steward,Kurt_Edwards3287@deavo.com,Kurt Edwards,San Jose,Crime,info,Nigeria
574,Health Educator,Kendra_Alexander7381@jiman.org,Kendra Alexander,Salt Lake City,Animation,tech,Belgium
575,Insurance Broker,Jade_Robe6539@kideod.biz,Jade Robe,Anaheim,Sci-Fi,ca,Somalia
576,Retail Trainee,Evelynn_Ellwood412@gompie.com,Evelynn Ellwood,Ontario,Action,us,Cyprus
577,Healthcare Specialist,Daria_Michael4404@bauros.biz,Daria Michael,Escondido,Thriller,edu,Equatorial Guinea
578,Electrician,Bob_Booth7550@extex.org,Bob Booth,Richmond,Thriller,com,Kiribati
579,Banker,Jules_Newton8202@twace.org,Jules Newton,Moreno Valley,Drama,tech,Guinea-Bissau
580,Budget Analyst,Michael_Pope2436@womeona.net,Michael Pope,Atlanta,Musical,mobi,Latvia
581,Paramedic,Julia_Button8540@bauros.biz,Julia Button,Phoenix,Musical,net,India
582,Cash Manager,Mayleen_Nicholls4146@kideod.biz,Mayleen Nicholls,Tulsa,Fantasy,info,Angola
583,Production Painter,Estrella_Emmott5082@grannar.com,Estrella Emmott,Fort Lauderdale,Family,mobi,Morocco
584,Cash Manager,Megan_Dixon7282@gembat.biz,Megan Dixon,Venice,Adventure,edu,Seychelles
585,Loan Officer,Ronald_Adler7444@bulaffy.com,Ronald Adler,Philadelphia,History,com,Nepal
586,Webmaster,Rick_Little9133@grannar.com,Rick Little,Detroit,Drama,biz,Romania
587,Health Educator,Peyton_Thompson5473@sveldo.biz,Peyton Thompson,Lincoln,Thriller,edu,Saint Kitts and Nevis
588,Staffing Consultant,Christy_Swift8654@dionrab.com,Christy Swift,Columbus,History,mobi,Uruguay
589,Bookkeeper,Francesca_Veale2322@extex.org,Francesca Veale,Pittsburgh,Fantasy,us,Andorra
590,Doctor,Josh_Wright4546@yahoo.com,Josh Wright,Otawa,Action,biz,Jordan
591,Dentist,Irene_Stanley3019@corti.com,Irene Stanley,Charlotte,Sci-Fi,ca,"Congo, Republic of the"
592,Physician,Shay_Styles6045@qater.org,Shay Styles,Bucharest,Sci-Fi,info,Senegal
593,Pharmacist,Mavis_Palmer8451@jiman.org,Mavis Palmer,Lancaster,Comedy,tech,Namibia
594,Pharmacist,Brad_Daniells7543@vetan.org,Brad Daniells,Lakewood,Thriller,edu,Nauru
595,Investment  Advisor,Rick_Ralph2267@guentu.biz,Rick Ralph,Lincoln,Biography,mobi,Kosovo
596,Investment  Advisor,Ciara_Hopkins1914@naiker.biz,Ciara Hopkins,St. Louis,Animation,com,Fiji
597,Audiologist,Fred_Cameron4800@guentu.biz,Fred Cameron,Boston,Family,com,Kuwait
598,Associate Professor,Melania_Giles4935@tonsy.org,Melania Giles,Berna,Animation,us,Syria
599,Cash Manager,Grace_Drummond7884@sveldo.biz,Grace Drummond,Prague,Drama,tech,Syria
600,Investment  Advisor,Doug_Dillon8447@vetan.org,Doug Dillon,New Orleans,Adventure,net,Pakistan
601,Systems Administrator,Michelle_Lomax6388@typill.biz,Michelle Lomax,Washington,Musical,us,USA
602,Assistant Buyer,Renee_Dempsey8221@mafthy.com,Renee Dempsey,Madison,Animation,tech,Armenia
603,Webmaster,Bob_Cavanagh6801@deavo.com,Bob Cavanagh,Arlington,Comedy,net,Cambodia
604,Baker,Carter_Heaton2823@elnee.tech,Carter Heaton,Santa Ana,Sci-Fi,edu,Denmark
605,Loan Officer,Owen_Vane5985@vetan.org,Owen Vane,Pittsburgh,Crime,net,Nigeria
606,Loan Officer,Daron_Holt1866@nanoff.biz,Daron Holt,Jersey City,Animation,com,Moldova
607,Operator,Abbey_Mason3618@extex.org,Abbey Mason,Colorado Springs,Musical,mobi,Croatia
608,HR Specialist,Rachael_Lucas5968@liret.org,Rachael Lucas,San Bernardino,Musical,info,Palau
609,Fabricator,Manuel_Gibson7258@deavo.com,Manuel Gibson,Fayetteville,Animation,mobi,Turkmenistan
610,Fabricator,Benjamin_Cameron4462@ovock.tech,Benjamin Cameron,Moreno Valley,Sci-Fi,ca,Costa Rica
611,Service Supervisor,Benny_Willson4539@twace.org,Benny Willson,Baltimore,Comedy,tech,East Timor (Timor-Leste)
612,Chef Manager,Jasmine_Riley8928@supunk.biz,Jasmine Riley,Hollywood,Thriller,edu,Cameroon
613,Restaurant Manager,Daron_Brown2306@muall.tech,Daron Brown,Madrid,Action,ca,Philippines
614,Ambulatory Nurse,Peter_Lakey2458@nanoff.biz,Peter Lakey,Scottsdale,Animation,org,Luxembourg
615,Budget Analyst,Piper_Speed7988@bauros.biz,Piper Speed,Houston,Musical,net,The Gambia
616,CNC Operator,Kieth_Haines7079@nickia.com,Kieth Haines,Tulsa,Crime,us,Libya
617,Doctor,Laila_Lindsay4926@bulaffy.com,Laila Lindsay,Fullerton,Thriller,mobi,Burkina Faso
618,Baker,Rocco_Jones7320@acrit.org,Rocco Jones,Memphis,Thriller,net,Spain
619,Cook,Emma_Skinner6920@corti.com,Emma Skinner,San Jose,Thriller,org,Tanzania
620,Physician,Rose_Fall8365@nimogy.biz,Rose Fall,San Francisco,Musical,us,Kiribati
621,HR Specialist,Denny_Widdows2479@mafthy.com,Denny Widdows,Richmond,Crime,org,Vatican City
622,Treasurer,Nick_Lomax9087@liret.org,Nick Lomax,Garland,Horror,ca,Bahrain
623,Web Developer,Skylar_Archer834@ubusive.com,Skylar Archer,Moreno Valley,Drama,us,Venezuela
624,Health Educator,Esmeralda_Matthews7054@guentu.biz,Esmeralda Matthews,Laredo,Fantasy,us,Algeria
625,Healthcare Specialist,Hayden_Bailey1721@hourpy.biz,Hayden Bailey,Quebec,Crime,info,Uruguay
626,IT Support Staff,Chris_Lloyd3700@mafthy.com,Chris Lloyd,Rochester,Sci-Fi,com,Latvia
627,IT Support Staff,Dasha_Strong3591@fuliss.net,Dasha Strong,Richmond,Drama,com,Vietnam
628,Cashier,Josh_Pope6707@eirey.tech,Josh Pope,San Jose,Family,tech,Mauritius
629,Software Engineer,Russel_Richards6353@grannar.com,Russel Richards,Charlotte,Action,ca,Singapore
630,Insurance Broker,Kendra_Harrington2622@zorer.org,Kendra Harrington,Paris,Musical,info,Cabo Verde
631,Cashier,Jayden_Johnson5432@deons.tech,Jayden Johnson,Worcester,Family,edu,Iceland
632,Inspector,Phillip_Ross5855@tonsy.org,Phillip Ross,Lyon,Animation,ca,Côte d’Ivoire
633,Clerk,Joyce_Powell3273@bretoux.com,Joyce Powell,Rochester,Thriller,us,Libya
634,Mobile Developer,Matt_Russell5933@fuliss.net,Matt Russell,Seattle,Family,com,The Bahamas
635,Assistant Buyer,Ethan_Ainsworth9242@bauros.biz,Ethan Ainsworth,Bakersfield,Comedy,mobi,Djibouti
636,Cook,Jazmin_Wood918@deons.tech,Jazmin Wood,Lyon,Action,com,San Marino
637,Treasurer,Jocelyn_Rossi659@muall.tech,Jocelyn Rossi,Amarillo,Adventure,us,Bangladesh
638,Insurance Broker,Amy_Yates8500@gmail.com,Amy Yates,San Jose,Adventure,tech,Luxembourg
639,Electrician,Alan_Ward9439@grannar.com,Alan Ward,Bucharest,Animation,edu,Comoros
640,Bookkeeper,Chadwick_Edley6605@atink.com,Chadwick Edley,Milano,Action,info,Iraq
641,Project Manager,Joy_Adams2651@deons.tech,Joy Adams,Prague,Thriller,mobi,Burkina Faso
642,CNC Operator,Belinda_Smith292@gembat.biz,Belinda Smith,Worcester,Biography,net,Netherlands
643,Accountant,Benny_Flanders5672@famism.biz,Benny Flanders,San Jose,Crime,us,"Sudan, South"
644,Stockbroker,Alexander_Edwards7869@nanoff.biz,Alexander Edwards,Richmond,Biography,net,"Congo, Republic of the"
645,Retail Trainee,Moira_Fowler8067@yahoo.com,Moira Fowler,Venice,Crime,net,Marshall Islands
646,Web Developer,Daniel_Barclay6398@irrepsy.com,Daniel Barclay,Madison,Adventure,ca,Morocco
647,Biologist,Mayleen_Wild8345@zorer.org,Mayleen Wild,Denver,History,mobi,Saint Lucia
648,Cashier,Martin_Clarke7289@kideod.biz,Martin Clarke,Arlington,Thriller,net,Belize
649,Accountant,Martha_Wellington1099@nimogy.biz,Martha Wellington,New York,Romance,com,Angola
650,Fabricator,Isabella_Ellwood1541@nanoff.biz,Isabella Ellwood,Milano,Romance,org,Bulgaria
651,Production Painter,Benny_Gunn3756@jiman.org,Benny Gunn,Omaha,Crime,org,Albania
652,Executive Director,Nicholas_Egerton1223@gmail.com,Nicholas Egerton,Henderson,Adventure,tech,Central African Republic
653,Food Technologist,Chris_Harrison1676@bungar.biz,Chris Harrison,Indianapolis,Romance,net,Senegal
654,Dentist,Alexander_Gunn6590@corti.com,Alexander Gunn,Jacksonville,Thriller,info,Estonia
655,Systems Administrator,Elijah_Edley1138@extex.org,Elijah Edley,Hayward,Adventure,ca,Samoa
656,Audiologist,Chad_Clark9684@guentu.biz,Chad Clark,Stockton,History,mobi,Kyrgyzstan
657,Front Desk Coordinator,Alice_Evans2476@twace.org,Alice Evans,Philadelphia,Action,biz,Belgium
658,Ambulatory Nurse,Remy_Jefferson266@nanoff.biz,Remy Jefferson,Santa Ana,Musical,us,Cabo Verde
659,Health Educator,Josh_Reid5118@cispeto.com,Josh Reid,Fremont,Adventure,tech,Brazil
660,Health Educator,Marvin_Gordon39@bauros.biz,Marvin Gordon,Minneapolis,Musical,edu,Denmark
661,Investment  Advisor,Belinda_Button1941@nickia.com,Belinda Button,Bridgeport,Comedy,tech,Niger
662,Healthcare Specialist,Jayden_Overson3412@elnee.tech,Jayden Overson,Chicago,Action,com,Finland
663,Stockbroker,Abdul_Hammond2632@tonsy.org,Abdul Hammond,Innsbruck,Fantasy,org,Honduras
664,CNC Operator,Marissa_Flack341@qater.org,Marissa Flack,Scottsdale,Family,net,"Congo, Republic of the"
665,Steward,Sasha_Vallins6662@deons.tech,Sasha Vallins,Salt Lake City,Drama,edu,Kazakhstan
666,Global Logistics Supervisor,Helen_Jackson4834@bretoux.com,Helen Jackson,Atlanta,Sci-Fi,edu,Bahrain
667,Executive Director,Danielle_Young9602@twace.org,Danielle Young,Detroit,Romance,ca,Tajikistan
668,Healthcare Specialist,Candice_Hastings8758@joiniaa.com,Candice Hastings,Omaha,Thriller,tech,Andorra
669,Cook,Peter_Edwards9973@deons.tech,Peter Edwards,Milwaukee,Thriller,net,Mexico
670,Web Developer,Remy_Spencer4339@nanoff.biz,Remy Spencer,Madison,Thriller,us,Rwanda
671,Loan Officer,Bryon_Parker7488@extex.org,Bryon Parker,Portland,Horror,tech,Djibouti
672,Global Logistics Supervisor,Owen_Collis9182@guentu.biz,Owen Collis,Salem,Biography,mobi,Ukraine
673,Dentist,Christy_Aldridge1594@muall.tech,Christy Aldridge,Atlanta,Family,mobi,Burkina Faso
674,Treasurer,Jenna_Ventura9277@nanoff.biz,Jenna Ventura,Rochester,Comedy,mobi,USA
675,Laboratory Technician,Chuck_Leigh9791@vetan.org,Chuck Leigh,Tulsa,Action,tech,Belize
676,Designer,Harmony_Mcnally4408@nanoff.biz,Harmony Mcnally,Long Beach,Animation,com,Algeria
677,Clerk,Nicholas_Pierce1489@ovock.tech,Nicholas Pierce,Quebec,Sci-Fi,ca,Greece
678,Global Logistics Supervisor,Fred_Gordon6045@infotech44.tech,Fred Gordon,Bakersfield,Adventure,net,Chad
679,Inspector,Aiden_Mccall7799@bauros.biz,Aiden Mccall,Tulsa,Action,tech,Malaysia
680,Cook,Evelynn_Connell5188@nimogy.biz,Evelynn Connell,San Antonio,Horror,ca,Fiji
681,Laboratory Technician,Rebecca_Robe8340@tonsy.org,Rebecca Robe,Orlando,Thriller,mobi,Dominican Republic
682,Healthcare Specialist,Chuck_Marshall9967@womeona.net,Chuck Marshall,Fayetteville,Family,info,Serbia
683,Audiologist,Martin_Pearson9205@nanoff.biz,Martin Pearson,Ontario,Family,org,Latvia
684,Retail Trainee,Caydence_Edley9587@extex.org,Caydence Edley,Prague,Comedy,info,Kazakhstan
685,Bookkeeper,Julia_Thorpe6885@grannar.com,Julia Thorpe,Tulsa,History,edu,Sao Tome and Principe
686,Budget Analyst,Trisha_Saunders6348@atink.com,Trisha Saunders,Milano,Animation,us,Lebanon
687,Doctor,Samara_Wellington3191@zorer.org,Samara Wellington,Lancaster,Biography,ca,El Salvador
688,Clerk,Rosalie_Hunter1076@vetan.org,Rosalie Hunter,Berna,Biography,com,Mongolia
689,Executive Director,Abdul_Willis2924@vetan.org,Abdul Willis,Columbus,Drama,us,Ireland
690,Steward,Faith_Rosenbloom4753@dionrab.com,Faith Rosenbloom,Bucharest,History,org,Côte d’Ivoire
691,Doctor,Henry_Partridge2150@famism.biz,Henry Partridge,Oklahoma City,Horror,com,El Salvador
692,Restaurant Manager,Mike_Hunter275@joiniaa.com,Mike Hunter,Orlando,Musical,ca,Burkina Faso
693,Loan Officer,Nicholas_Mccormick5244@nimogy.biz,Nicholas Mccormick,Richmond,Comedy,info,Venezuela
694,Steward,Jennifer_Bell4261@joiniaa.com,Jennifer Bell,Anaheim,Biography,tech,Zimbabwe
695,Assistant Buyer,Harriet_Noach982@ubusive.com,Harriet Noach,Garland,Drama,mobi,Macedonia
696,Web Developer,Aileen_Attwood5533@fuliss.net,Aileen Attwood,New York,Action,org,Tunisia
697,Project Manager,Esmeralda_Thomson3989@vetan.org,Esmeralda Thomson,Hayward,Thriller,info,Costa Rica
698,Restaurant Manager,Sabrina_Drummond6210@grannar.com,Sabrina Drummond,Stockton,Biography,edu,Chile
699,Audiologist,Nicole_Swift4265@joiniaa.com,Nicole Swift,Bakersfield,Adventure,edu,Slovakia
700,Project Manager,Denny_Vangness3521@famism.biz,Denny Vangness,Lincoln,Fantasy,mobi,China
701,Budget Analyst,Hazel_Preston2603@kideod.biz,Hazel Preston,Bellevue,Horror,net,Nicaragua
702,Lecturer,Daphne_Davies1205@kideod.biz,Daphne Davies,Bakersfield,Comedy,edu,Somalia
703,Insurance Broker,Maia_Vollans1120@bauros.biz,Maia Vollans,Baltimore,Thriller,tech,Madagascar
704,Restaurant Manager,Fred_Dixon6806@qater.org,Fred Dixon,Lyon,Adventure,org,Somalia
705,Doctor,Francesca_Morris5164@bulaffy.com,Francesca Morris,El Paso,Animation,biz,Mali
706,Clerk,George_Gardner9671@bauros.biz,George Gardner,Nashville,Action,com,Cyprus
707,Baker,Carl_Drake4953@brety.org,Carl Drake,Lakewood,Family,us,Argentina
708,Dentist,Benny_Ellwood7257@twipet.com,Benny Ellwood,Zurich,Thriller,ca,Albania
709,Web Developer,Phillip_Wild5954@bungar.biz,Phillip Wild,Columbus,Crime,org,Mauritania
710,IT Support Staff,Sharon_Woodley3268@zorer.org,Sharon Woodley,Bakersfield,Biography,us,Peru
711,Call Center Representative,Angelica_Tanner4532@guentu.biz,Angelica Tanner,Lyon,Crime,com,Gabon
712,Clerk,Maxwell_Cadman6451@irrepsy.com,Maxwell Cadman,Cincinnati,Family,edu,Israel
713,Bookkeeper,Anabel_Tailor7429@extex.org,Anabel Tailor,Philadelphia,Romance,biz,Grenada
714,Bellman,Boris_Bailey1609@gembat.biz,Boris Bailey,Dallas,Musical,edu,Barbados
715,Staffing Consultant,Elijah_Cann5206@infotech44.tech,Elijah Cann,Memphis,Animation,tech,Ethiopia
716,Operator,Rocco_Kaur6392@eirey.tech,Rocco Kaur,Seattle,Sci-Fi,biz,Vanuatu
717,Service Supervisor,Liv_Nurton4679@gmail.com,Liv Nurton,Portland,Animation,edu,Sudan
718,Loan Officer,Holly_Veale6669@muall.tech,Holly Veale,Scottsdale,Fantasy,net,Peru
719,Investment  Advisor,Domenic_Collis7083@gmail.com,Domenic Collis,Boston,Biography,org,Paraguay
720,Associate Professor,Chanelle_Widdows6705@famism.biz,Chanelle Widdows,Chicago,Romance,com,Saint Vincent and the Grenadines
721,Call Center Representative,Rylee_Denton463@liret.org,Rylee Denton,Hollywood,Adventure,tech,Kuwait
722,Baker,Hayden_Turner7375@sheye.org,Hayden Turner,Madison,Thriller,ca,Algeria
723,Cook,Ron_Ryan5737@mafthy.com,Ron Ryan,Albuquerque,Horror,biz,Jordan
724,Chef Manager,Ethan_Reading6440@deons.tech,Ethan Reading,Bakersfield,Adventure,biz,China
725,Designer,Michael_Shea2281@corti.com,Michael Shea,Berna,History,info,Mali
726,Machine Operator,Clarissa_Clifton9753@vetan.org,Clarissa Clifton,Las Vegas,Animation,tech,Taiwan
727,Dentist,Noah_Fall8234@eirey.tech,Noah Fall,Kansas City,Biography,net,Philippines
728,Health Educator,Renee_Hunt7157@extex.org,Renee Hunt,Hollywood,Drama,ca,Egypt
729,Service Supervisor,Danny_Plant519@kideod.biz,Danny Plant,Saint Paul,Sci-Fi,edu,Fiji
730,Staffing Consultant,Mark_Selby4788@bretoux.com,Mark Selby,Tallahassee,Sci-Fi,biz,Malta
731,Laboratory Technician,Julius_Nash2205@nanoff.biz,Julius Nash,Bellevue,Fantasy,us,Kuwait
732,Associate Professor,Mark_Jackson3189@atink.com,Mark Jackson,Seattle,Drama,us,Liechtenstein
733,Global Logistics Supervisor,Harvey_Davies5237@tonsy.org,Harvey Davies,Stockton,Musical,ca,Slovenia
734,Clerk,Harry_Isaac8080@fuliss.net,Harry Isaac,Laredo,Romance,us,Austria
735,Production Painter,Alessia_Allen4032@guentu.biz,Alessia Allen,Rochester,Animation,edu,Pakistan
736,Production Painter,Nicholas_Alexander3039@grannar.com,Nicholas Alexander,Nashville,Adventure,us,Venezuela
737,Design Engineer,Oliver_Ross2791@famism.biz,Oliver Ross,Dallas,Fantasy,com,"Korea, North"
738,Doctor,Carmella_Martin1053@famism.biz,Carmella Martin,Escondido,Biography,info,Belgium
739,Staffing Consultant,Lorraine_Gates4626@sveldo.biz,Lorraine Gates,Arlington,Musical,us,Honduras
740,Fabricator,Livia_Howard8439@bungar.biz,Livia Howard,Bucharest,Musical,info,Yemen
741,Associate Professor,Mavis_Farrow3591@brety.org,Mavis Farrow,Amarillo,Crime,net,Zimbabwe
742,HR Specialist,Courtney_Gibson452@gompie.com,Courtney Gibson,Amarillo,Action,biz,Cabo Verde
743,Systems Administrator,Marina_Shaw6070@hourpy.biz,Marina Shaw,Salt Lake City,Drama,ca,Cabo Verde
744,Audiologist,Leilani_Clayton3836@bauros.biz,Leilani Clayton,Reno,Biography,net,Japan
745,Restaurant Manager,Sharon_Veale122@nimogy.biz,Sharon Veale,Seattle,Drama,org,Iraq
746,Chef Manager,Anne_Power5764@irrepsy.com,Anne Power,Long Beach,Romance,mobi,Rwanda
747,Associate Professor,Beatrice_Ripley1883@typill.biz,Beatrice Ripley,Huntsville,Horror,us,Romania
748,Call Center Representative,Cedrick_James9@iatim.tech,Cedrick James,Worcester,Crime,mobi,Thailand
749,Ambulatory Nurse,Shelby_Nicolas1749@iatim.tech,Shelby Nicolas,Reno,Adventure,ca,Thailand
750,Mobile Developer,Samara_Nobbs1255@bungar.biz,Samara Nobbs,San Jose,Thriller,net,Albania
751,Staffing Consultant,Mayleen_Townend4344@acrit.org,Mayleen Townend,New Orleans,Biography,us,Qatar
752,Doctor,Naomi_Mason759@liret.org,Naomi Mason,Madison,Drama,info,Senegal
753,Loan Officer,Benny_Forth8839@bretoux.com,Benny Forth,Philadelphia,Thriller,info,Seychelles
754,Stockbroker,Rufus_Villiger1573@infotech44.tech,Rufus Villiger,Phoenix,Romance,net,Namibia
755,Ambulatory Nurse,Nancy_Becker233@tonsy.org,Nancy Becker,Venice,Romance,us,Mali
756,Assistant Buyer,Hope_Hardwick932@hourpy.biz,Hope Hardwick,Charlotte,Animation,tech,Iceland
757,Systems Administrator,Tyler_Grady7270@dionrab.com,Tyler Grady,Oakland,Family,edu,Bosnia and Herzegovina
758,Design Engineer,Regina_Stuart4658@deavo.com,Regina Stuart,Fullerton,Family,us,Portugal
759,Electrician,Carol_Gavin6107@cispeto.com,Carol Gavin,London,Sci-Fi,info,Jamaica
760,Dentist,Molly_Moreno3461@bretoux.com,Molly Moreno,Minneapolis,Fantasy,net,Syria
761,Global Logistics Supervisor,Abdul_Morrison3449@twace.org,Abdul Morrison,Sacramento,Fantasy,mobi,Liberia
762,Machine Operator,Meredith_Lindsay7711@typill.biz,Meredith Lindsay,Stockton,Drama,ca,Saint Kitts and Nevis
763,Associate Professor,Noah_Rogan507@irrepsy.com,Noah Rogan,Amarillo,Action,biz,Antigua and Barbuda
764,Food Technologist,Benny_Rogan2010@vetan.org,Benny Rogan,Berlin,Drama,us,Spain
765,Health Educator,Josh_Waterson4412@ubusive.com,Josh Waterson,New Orleans,History,tech,Rwanda
766,Software Engineer,Logan_Mcleod2746@eirey.tech,Logan Mcleod,Glendale,Animation,org,Ethiopia
767,Laboratory Technician,Hayden_Simmons165@guentu.biz,Hayden Simmons,Richmond,Sci-Fi,com,Guinea-Bissau
768,Health Educator,Phillip_Hood3484@twipet.com,Phillip Hood,Seattle,Fantasy,net,Burkina Faso
769,Production Painter,Erick_Rogers9787@deavo.com,Erick Rogers,Valetta,Romance,com,East Timor (Timor-Leste)
770,Investment  Advisor,Hailey_Silva3001@bauros.biz,Hailey Silva,New Orleans,Sci-Fi,com,Senegal
771,Business Broker,Ruby_Morgan6316@sheye.org,Ruby Morgan,Quebec,Drama,us,Sao Tome and Principe
772,Operator,Grace_Clifford9234@mafthy.com,Grace Clifford,Nashville,Biography,edu,United Kingdom
773,Bellman,Rosie_Douglas3860@iatim.tech,Rosie Douglas,Anaheim,Comedy,mobi,Uruguay
774,Auditor,David_Rogan5402@hourpy.biz,David Rogan,Henderson,Family,org,Azerbaijan
775,Assistant Buyer,Tyler_Hunt880@bungar.biz,Tyler Hunt,Garland,Action,info,Burkina Faso
776,Investment  Advisor,Gabriel_Stanton814@atink.com,Gabriel Stanton,New Orleans,Action,biz,Sao Tome and Principe
777,Webmaster,David_John2469@infotech44.tech,David John,Los Angeles,Musical,net,Egypt
778,Steward,Nicholas_Taylor5956@sheye.org,Nicholas Taylor,Las Vegas,Drama,com,Tonga
779,Bellman,Leroy_Boyle1807@irrepsy.com,Leroy Boyle,El Paso,Comedy,us,Liberia
780,Mobile Developer,Zoe_Roth414@tonsy.org,Zoe Roth,Columbus,Action,net,Micronesia
781,Audiologist,Eduardo_Rainford2575@ubusive.com,Eduardo Rainford,Venice,Thriller,org,"Korea, North"
782,Treasurer,Enoch_Wallace6441@twace.org,Enoch Wallace,Arlington,Family,info,Brazil
783,Doctor,Rocco_Wright8012@bungar.biz,Rocco Wright,Wien,History,biz,Croatia
784,Ambulatory Nurse,Carl_Stevens2504@bulaffy.com,Carl Stevens,Toledo,Crime,net,"Congo, Republic of the"
785,Steward,Marjorie_Harris1981@corti.com,Marjorie Harris,Houston,Biography,ca,Paraguay
786,Baker,Josephine_Waterhouse311@extex.org,Josephine Waterhouse,Lancaster,Animation,ca,Pakistan
787,Lecturer,Naomi_Russell1416@naiker.biz,Naomi Russell,Phoenix,Crime,edu,Mexico
788,Restaurant Manager,Rick_Parsons2364@extex.org,Rick Parsons,Otawa,Crime,us,"Korea, North"
789,Bookkeeper,William_Squire4691@naiker.biz,William Squire,Bakersfield,Biography,net,Honduras
790,Chef Manager,Abdul_Palmer5776@ovock.tech,Abdul Palmer,Atlanta,Horror,mobi,Croatia
791,Software Engineer,Eve_Roman8612@sheye.org,Eve Roman,Moreno Valley,Musical,mobi,Venezuela
792,Webmaster,Logan_London1674@corti.com,Logan London,Tulsa,Biography,biz,Ecuador
793,Baker,Ivette_Ventura4245@vetan.org,Ivette Ventura,Madrid,Biography,com,Benin
794,Insurance Broker,Joy_Flynn4923@corti.com,Joy Flynn,Norfolk,Sci-Fi,edu,"Sudan, South"
795,Investment  Advisor,Johnathan_Reid9791@naiker.biz,Johnathan Reid,Detroit,Thriller,biz,Djibouti
796,Web Developer,Harriet_Victor7021@elnee.tech,Harriet Victor,Salem,Action,biz,Zimbabwe
797,Chef Manager,Chuck_Dyson5416@womeona.net,Chuck Dyson,Hollywood,Horror,mobi,Brunei
798,Business Broker,Liam_Kaur3013@elnee.tech,Liam Kaur,Phoenix,Musical,info,Jordan
799,Software Engineer,Barry_Slater9011@twipet.com,Barry Slater,Fullerton,Biography,org,The Gambia
800,Health Educator,Jayden_Shaw3024@vetan.org,Jayden Shaw,Escondido,History,us,Russia

